,mean_fit_time,std_fit_time,mean_score_time,std_score_time,param_epochs,param_hidden_layers,param_learning_rate,param_mini_batch_size,params,split0_test_score,split1_test_score,split2_test_score,mean_test_score,std_test_score,rank_test_score,split0_train_score,split1_train_score,split2_train_score,mean_train_score,std_train_score,ID
0,484.10779396692914,136.24793294317607,0.5687786738077799,0.018560200827742113,175,"[200, 100, 50]",0.001,32,"{'epochs': 175, 'hidden_layers': [200, 100, 50], 'learning_rate': 0.001, 'mini_batch_size': 32}",0.019967876710527688,0.018156064790562976,0.02322522059809662,0.020449720699729095,0.0020973340812739964,274,0.02458947669106948,0.02627263555449766,0.027134981624656218,0.025999031290074453,0.0010570535501608646,1
1,402.7941602071126,51.572583392172476,0.6235184669494629,0.051994226142894805,175,"[200, 100, 50]",0.001,42,"{'epochs': 175, 'hidden_layers': [200, 100, 50], 'learning_rate': 0.001, 'mini_batch_size': 42}",0.01950907911977573,0.017036820681024634,0.02217385136219685,0.019573250387665737,0.0020976748268091397,331,0.024237340710982713,0.025182709692513017,0.02509382505921187,0.0248379584875692,0.00042624828810842276,2
2,366.7084976832072,47.51925310788173,0.8198263645172119,0.351169534312219,175,"[200, 100, 50]",0.001,52,"{'epochs': 175, 'hidden_layers': [200, 100, 50], 'learning_rate': 0.001, 'mini_batch_size': 52}",0.017776653971433465,0.015594326648668333,0.021280972299387524,0.018217317639829773,0.002342380988181931,379,0.02247692316873262,0.02390327538238024,0.02429350080737558,0.023557899786162812,0.000780790969103901,3
3,455.15343475341797,91.74177816004598,0.6359190146128336,0.05427911136120793,175,"[200, 100, 50]",0.001,62,"{'epochs': 175, 'hidden_layers': [200, 100, 50], 'learning_rate': 0.001, 'mini_batch_size': 62}",0.01730979847425218,0.017372104406252697,0.02174217505858389,0.018808025979696257,0.002074912627902434,373,0.021883236704057674,0.026089749833074327,0.02456320137566137,0.024178729304264457,0.0017386876768433798,4
4,297.5290029843648,97.13385486180574,0.6726760069529215,0.04529558820486603,175,"[200, 100, 50]",0.003,32,"{'epochs': 175, 'hidden_layers': [200, 100, 50], 'learning_rate': 0.003, 'mini_batch_size': 32}",0.020377393119317078,0.020364672665438954,0.023289260318354543,0.021343775367703526,0.0013756754031853862,175,0.023708923252368064,0.02936443847893566,0.02755268567879865,0.026875349136700793,0.0023580078757191487,5
5,288.8365316390991,100.12849373954971,0.6465506553649902,0.1121240978628884,175,"[200, 100, 50]",0.003,42,"{'epochs': 175, 'hidden_layers': [200, 100, 50], 'learning_rate': 0.003, 'mini_batch_size': 42}",0.019420606244626715,0.0198367521378342,0.02301420831875245,0.020757188900404455,0.0016049707873163513,235,0.02297172322961616,0.028933522186623484,0.026877036644005536,0.026260760686748392,0.00247259765463548,6
6,317.67899409929913,66.0746942131515,0.6599154472351074,0.02270414210231759,175,"[200, 100, 50]",0.003,52,"{'epochs': 175, 'hidden_layers': [200, 100, 50], 'learning_rate': 0.003, 'mini_batch_size': 52}",0.02093669467182724,0.019016748911934167,0.022999074247382234,0.020984172610381213,0.0016261241004968208,193,0.025379629551569693,0.028058945272296354,0.02703795478652582,0.02682550987013062,0.0011040932372192358,7
7,324.7876540025075,17.906295958547677,0.6506659189860026,0.03773027708141248,175,"[200, 100, 50]",0.003,62,"{'epochs': 175, 'hidden_layers': [200, 100, 50], 'learning_rate': 0.003, 'mini_batch_size': 62}",0.021124484745866257,0.01877394099141394,0.022785009455958072,0.02089447839774609,0.0016455687460463402,217,0.026106011907855997,0.02747010925666782,0.02661241368335865,0.02672951161596082,0.0005630123377118463,8
8,256.53156248728436,41.57770080495463,0.9247559706370035,0.42741374104707236,175,"[200, 100, 50]",0.005,32,"{'epochs': 175, 'hidden_layers': [200, 100, 50], 'learning_rate': 0.005, 'mini_batch_size': 32}",0.023459705260265418,0.019463630091294815,0.023641981917015387,0.022188439089525207,0.0019281673946223254,97,0.028077303398274633,0.02763199845541109,0.026340228051571546,0.027349843301752424,0.0007366891420778157,9
9,159.58078726132712,25.61707026749899,0.6075636545817057,0.01788008444798637,175,"[200, 100, 50]",0.005,42,"{'epochs': 175, 'hidden_layers': [200, 100, 50], 'learning_rate': 0.005, 'mini_batch_size': 42}",0.021069025651965445,0.019476117902086254,0.02302208139066686,0.021189074981572853,0.001450120258631694,187,0.024113810869595298,0.026267234663776118,0.025702324927542763,0.025361123486971393,0.0009116367429416951,10
10,270.80913225809735,62.301601526632595,0.580962340037028,0.01911808595528379,175,"[200, 100, 50]",0.005,52,"{'epochs': 175, 'hidden_layers': [200, 100, 50], 'learning_rate': 0.005, 'mini_batch_size': 52}",0.022297673204898505,0.018958432573822237,0.0234104767250104,0.021555527501243715,0.0018917821342360626,145,0.026561097622003205,0.02685461409421397,0.028114082072750235,0.027176597929655804,0.0006736445001036721,11
11,270.6489737033844,76.02809534325601,0.6237739721934,0.05645441881125043,175,"[200, 100, 50]",0.005,62,"{'epochs': 175, 'hidden_layers': [200, 100, 50], 'learning_rate': 0.005, 'mini_batch_size': 62}",0.022413600454206595,0.01869418076237439,0.023096097816315497,0.021401293010965494,0.0019343893450174208,169,0.027305381800458495,0.026228243140779317,0.027830860173256755,0.027121495038164856,0.0006670612636566576,12
12,206.97726694742838,45.98659870420247,0.6654013792673746,0.04476912172274276,175,"[200, 100, 50]",0.009,32,"{'epochs': 175, 'hidden_layers': [200, 100, 50], 'learning_rate': 0.009, 'mini_batch_size': 32}",0.02281743915180845,0.019796172071504192,0.02455881816096661,0.022390809794759752,0.0019676058039471487,67,0.025727192380889052,0.029082169807178815,0.027679379678327454,0.02749624728879844,0.001375771659057666,13
13,169.0072258313497,29.411633798221022,0.6114102204640707,0.037745227423487564,175,"[200, 100, 50]",0.009,42,"{'epochs': 175, 'hidden_layers': [200, 100, 50], 'learning_rate': 0.009, 'mini_batch_size': 42}",0.02269922973181837,0.02036276231920786,0.024015623821062593,0.022359205290696276,0.001510532302060744,73,0.02536747158750363,0.02710611109773564,0.02707112967104741,0.026514904118762228,0.0008114829985469684,14
14,189.4893209139506,47.45075469902494,0.627387285232544,0.04516359096143943,175,"[200, 100, 50]",0.009,52,"{'epochs': 175, 'hidden_layers': [200, 100, 50], 'learning_rate': 0.009, 'mini_batch_size': 52}",0.023347364034812634,0.02029248555246188,0.022950318983779416,0.022196722857017976,0.0013562204779422342,91,0.027775265720950126,0.026878981373905986,0.025783233472578826,0.026812493522478314,0.0008146015776351062,15
15,195.45245067278543,51.553717737530135,0.5372772216796875,0.06288637052816486,175,"[200, 100, 50]",0.009,62,"{'epochs': 175, 'hidden_layers': [200, 100, 50], 'learning_rate': 0.009, 'mini_batch_size': 62}",0.02275096145946487,0.020037830795900824,0.023916908306134466,0.022235233520500053,0.0016250727292179427,85,0.02692211258327848,0.02647628341697794,0.02851190305781759,0.027303433019358003,0.0008736859797325898,16
16,96.65264868736267,4.3923337847585,0.1759780248006185,0.010825074724344753,175,"[100, 50]",0.001,32,"{'epochs': 175, 'hidden_layers': [100, 50], 'learning_rate': 0.001, 'mini_batch_size': 32}",0.01916248485446237,0.018370410771519352,0.019791493832750806,0.019108129819577508,0.0005814264751985648,367,0.020971700319168507,0.020988076544939283,0.020150196714557755,0.02070332452622185,0.0003911775617456051,17
17,106.58739201227824,13.608425844383044,0.1955719788869222,0.017836696399238558,175,"[100, 50]",0.001,42,"{'epochs': 175, 'hidden_layers': [100, 50], 'learning_rate': 0.001, 'mini_batch_size': 42}",0.01820364525550644,0.019192525397765836,0.020632664949162827,0.0193429452008117,0.000997331023583748,355,0.02004723050954771,0.022081130313082675,0.02095108768104903,0.021026482834559806,0.0008320458419200145,18
18,117.9981837272644,14.440783056485671,0.19714665412902832,0.014365164011224998,175,"[100, 50]",0.001,52,"{'epochs': 175, 'hidden_layers': [100, 50], 'learning_rate': 0.001, 'mini_batch_size': 52}",0.019671522594644553,0.018415461243884823,0.019949992087913482,0.019345658642147618,0.0006675011682743933,349,0.021465264376611115,0.021332067499307827,0.020290162935814426,0.021029164937244455,0.0005253749902809289,19
19,136.7654096285502,27.34992290573954,0.1739809513092041,0.018294087230217443,175,"[100, 50]",0.001,62,"{'epochs': 175, 'hidden_layers': [100, 50], 'learning_rate': 0.001, 'mini_batch_size': 62}",0.019138320822227328,0.019402589225050892,0.019869746429579616,0.01947021882561928,0.0003024083077865038,343,0.020970755068229985,0.022480629953860354,0.02033032806686308,0.021260571029651138,0.00090145974949037,20
20,63.57252804438273,26.524010453677413,0.182266632715861,0.018546218155143193,175,"[100, 50]",0.003,32,"{'epochs': 175, 'hidden_layers': [100, 50], 'learning_rate': 0.003, 'mini_batch_size': 32}",0.02118326765267453,0.019350219870083007,0.018178477019910266,0.019570654847555935,0.0012365638873257042,337,0.023050506793222958,0.02202875224952694,0.0180531617494486,0.021044140264066164,0.0021556839507170795,21
21,61.50855533281962,5.556230400977522,0.17852131525675455,0.002859323860227537,175,"[100, 50]",0.003,42,"{'epochs': 175, 'hidden_layers': [100, 50], 'learning_rate': 0.003, 'mini_batch_size': 42}",0.020415346357403497,0.018939121354549893,0.0209627168049783,0.02010572817231056,0.0008546469844927466,313,0.02199148463751388,0.02139354174721686,0.021238216682228583,0.021541081022319775,0.0003247347957830033,22
22,64.09090129534404,12.884623768368836,0.18673626581827799,0.002654667371910687,175,"[100, 50]",0.003,52,"{'epochs': 175, 'hidden_layers': [100, 50], 'learning_rate': 0.003, 'mini_batch_size': 52}",0.020539089527427,0.01822418494419764,0.02106074562487603,0.019941340032166893,0.0012327469240427929,325,0.022193083041358586,0.020694035095794705,0.021260204028987095,0.021382440722046796,0.00061805746368357,23
23,51.511437018712364,3.1923138433303255,0.19559462865193686,0.010821988116666804,175,"[100, 50]",0.003,62,"{'epochs': 175, 'hidden_layers': [100, 50], 'learning_rate': 0.003, 'mini_batch_size': 62}",0.019444207549814796,0.01791443457537345,0.020603175483992264,0.019320605869726837,0.0011011478707574523,361,0.021144499451200227,0.02039062872784836,0.020828217603845567,0.020787781927631383,0.0003090917337565456,24
24,50.47978472709656,10.690090129208897,0.1723189353942871,0.00979998774084177,175,"[100, 50]",0.005,32,"{'epochs': 175, 'hidden_layers': [100, 50], 'learning_rate': 0.005, 'mini_batch_size': 32}",0.020788938637343324,0.020017208913799656,0.019747536967241963,0.020184561506128313,0.0004413120794795277,300,0.021970804305598945,0.02284586210286277,0.019660984247469537,0.02149255021864375,0.0013434798019100888,25
25,58.695398012797035,22.709944110398148,0.17725872993469238,0.03809365844618468,175,"[100, 50]",0.005,42,"{'epochs': 175, 'hidden_layers': [100, 50], 'learning_rate': 0.005, 'mini_batch_size': 42}",0.021531153606061282,0.01978728619721304,0.01907754162043751,0.020131993807903942,0.0010309123618265944,307,0.0234400414673972,0.02240267568371579,0.019150926447494054,0.02166454786620235,0.0018271565194275788,26
26,64.0923200448354,15.389931723686654,0.1925362745920817,0.015087292222019873,175,"[100, 50]",0.005,52,"{'epochs': 175, 'hidden_layers': [100, 50], 'learning_rate': 0.005, 'mini_batch_size': 52}",0.021354779433193305,0.018369465828518727,0.021639351314896693,0.020454532192202907,0.001478934660420451,268,0.023261980992783204,0.02150039473447829,0.021765776013870974,0.02217605058037749,0.0007754742425568838,27
27,50.61992335319519,3.2853446153258665,0.17798701922098795,0.010662617221510302,175,"[100, 50]",0.005,62,"{'epochs': 175, 'hidden_layers': [100, 50], 'learning_rate': 0.005, 'mini_batch_size': 62}",0.020671774457638903,0.019189061501044935,0.020366980344713626,0.020075938767799156,0.0006393425412262991,319,0.02219649148992664,0.021818438307031895,0.020413070036619185,0.021475999944525908,0.0007672878834423472,28
28,78.07342561086018,17.608085260214587,0.1706408659617106,0.011783216344309665,175,"[100, 50]",0.009,32,"{'epochs': 175, 'hidden_layers': [100, 50], 'learning_rate': 0.009, 'mini_batch_size': 32}",0.023290508633965867,0.021434343441529613,0.022726815980257387,0.022483889351917623,0.0007770016368367031,55,0.025843382518169977,0.026326020807042383,0.02328513196635451,0.025151511763855623,0.00133435754600273,29
29,43.72521734237671,8.022926537120018,0.16937541961669922,0.020190418847818255,175,"[100, 50]",0.009,42,"{'epochs': 175, 'hidden_layers': [100, 50], 'learning_rate': 0.009, 'mini_batch_size': 42}",0.02109516424202651,0.02033831378853812,0.02061770494084103,0.02068372765713522,0.000312489894808928,241,0.022312101707319565,0.023350095334401355,0.020427912971874185,0.022030036671198367,0.0012095337816469501,30
30,45.83088723818461,1.461031516700077,0.1725123723347982,0.018541391372399223,175,"[100, 50]",0.009,52,"{'epochs': 175, 'hidden_layers': [100, 50], 'learning_rate': 0.009, 'mini_batch_size': 52}",0.02098177608358265,0.01992631641374809,0.02179599565459578,0.02090136271730884,0.0007654083215386026,211,0.022191766013166858,0.022780267971568735,0.02198027031387262,0.022317434766202737,0.0003384706188105675,31
31,53.822673877080284,5.188662657291656,0.1728229522705078,0.0015757121711228047,175,"[100, 50]",0.009,62,"{'epochs': 175, 'hidden_layers': [100, 50], 'learning_rate': 0.009, 'mini_batch_size': 62}",0.021772782889851072,0.020147028276882084,0.021813936832585257,0.02124458266643947,0.000776269987516439,181,0.02327008202347336,0.023104429930406956,0.022042915019931053,0.022805808991270455,0.0005436699750239567,32
32,192.28756046295166,87.39534598449711,0.20798818270365396,0.00875959736853084,175,"[100, 50, 20]",0.001,32,"{'epochs': 175, 'hidden_layers': [100, 50, 20], 'learning_rate': 0.001, 'mini_batch_size': 32}",0.020374874174590163,0.01813986771147791,0.0234601463907661,0.020658296092278056,0.002181220956848334,247,0.021636541455924196,0.022559904335874736,0.024118913587604762,0.02277178645980123,0.0010244391557874585,33
33,204.90836556752524,68.68903494755699,0.22094480196634927,0.005584543209672884,175,"[100, 50, 20]",0.001,42,"{'epochs': 175, 'hidden_layers': [100, 50, 20], 'learning_rate': 0.001, 'mini_batch_size': 42}",0.021192287241036722,0.01689052771533872,0.022786578474306873,0.02028979781022744,0.0024902100336616963,287,0.022543699456863298,0.021346451026870383,0.023310067271222867,0.022400072584985515,0.0008080506162014382,34
34,243.76556746164957,29.877726054541778,0.17963425318400064,0.008037237227908842,175,"[100, 50, 20]",0.001,52,"{'epochs': 175, 'hidden_layers': [100, 50, 20], 'learning_rate': 0.001, 'mini_batch_size': 52}",0.02174017273743356,0.018579179123564993,0.022004630140655568,0.02077466066721804,0.001556189541994721,229,0.023200674767873686,0.023292702761410156,0.022549717871055863,0.023014365133446568,0.0003306963327424619,35
35,252.9661173025767,8.831628498369424,0.1919411818186442,0.0184473317478218,175,"[100, 50, 20]",0.001,62,"{'epochs': 175, 'hidden_layers': [100, 50, 20], 'learning_rate': 0.001, 'mini_batch_size': 62}",0.021115321310963164,0.01907854767941697,0.021384616346468488,0.02052616177894954,0.0010295046996528889,264,0.022633241560645945,0.023826272735036236,0.021859141090406875,0.022772885128696352,0.0008091258539926242,36
36,119.66957298914592,18.200806538824793,0.19631393750508627,0.017648912016495953,175,"[100, 50, 20]",0.003,32,"{'epochs': 175, 'hidden_layers': [100, 50, 20], 'learning_rate': 0.003, 'mini_batch_size': 32}",0.022339734063694938,0.0206649938798108,0.023461725727267124,0.022155484556924288,0.0011491701838582007,103,0.02342599485080532,0.025338377973589843,0.02401963894699488,0.024261337257130016,0.0007992145548054892,37
37,126.70652842521667,18.067762604252017,0.2337190310160319,0.0420871062198199,175,"[100, 50, 20]",0.003,42,"{'epochs': 175, 'hidden_layers': [100, 50, 20], 'learning_rate': 0.003, 'mini_batch_size': 42}",0.022907065035374652,0.019972239740810194,0.022773029577659365,0.021884111451281402,0.001353004423238968,121,0.024724262303604028,0.02476227776903628,0.023195640449213073,0.02422739350728446,0.0007297246391768844,38
38,127.94978459676106,51.75629511599343,0.2134873072306315,0.025566825563312096,175,"[100, 50, 20]",0.003,52,"{'epochs': 175, 'hidden_layers': [100, 50, 20], 'learning_rate': 0.003, 'mini_batch_size': 52}",0.0209627624225176,0.019304751669961928,0.02394384269362637,0.021403785595368634,0.001919403980528799,163,0.022150908557084015,0.023962218437243776,0.02491623599177939,0.023676454328702395,0.0011468812201117615,39
39,139.81861567497253,34.53998022945435,0.2303752899169922,0.03834514668660021,175,"[100, 50, 20]",0.003,62,"{'epochs': 175, 'hidden_layers': [100, 50, 20], 'learning_rate': 0.003, 'mini_batch_size': 62}",0.022301871038787113,0.01896226945986268,0.023558588801327218,0.02160757643332567,0.0019395998937168971,139,0.02392820868568335,0.0238148451886383,0.02435835371946249,0.02403380253126138,0.00023411240311388106,40
40,138.37844570477804,45.88892653408691,0.23044967651367188,0.042022920977125844,175,"[100, 50, 20]",0.005,32,"{'epochs': 175, 'hidden_layers': [100, 50, 20], 'learning_rate': 0.005, 'mini_batch_size': 32}",0.022363276501552454,0.021453238478878034,0.02615251093522708,0.023323008638552523,0.002034961872835826,13,0.02356245976924054,0.02659165724024748,0.02807971936848863,0.02607794545932555,0.001879598080644413,41
41,133.22221295038858,21.36054059374502,0.18425639470418295,0.005677542657761183,175,"[100, 50, 20]",0.005,42,"{'epochs': 175, 'hidden_layers': [100, 50, 20], 'learning_rate': 0.005, 'mini_batch_size': 42}",0.023580185046351954,0.021004000807358758,0.023535517889988977,0.022706567914566562,0.0012040348429686613,37,0.02524385562365672,0.025890660421382883,0.024697504158427863,0.02527734006782249,0.00048767911099958266,42
42,94.13533679644267,14.300011752043652,0.22951618830362955,0.012420902099940784,175,"[100, 50, 20]",0.005,52,"{'epochs': 175, 'hidden_layers': [100, 50, 20], 'learning_rate': 0.005, 'mini_batch_size': 52}",0.022333555911583813,0.020694591128321393,0.023125389438856114,0.022051178826253775,0.0010122574509034185,115,0.023489180769652784,0.025638948379191673,0.023733233618922545,0.024287120922589,0.0009610648790544127,43
43,101.69746470451355,24.19634509995122,0.21312912305196127,0.0012974365265518682,175,"[100, 50, 20]",0.005,62,"{'epochs': 175, 'hidden_layers': [100, 50, 20], 'learning_rate': 0.005, 'mini_batch_size': 62}",0.021833578431540768,0.02023260835694285,0.02358156552832169,0.02188258410560177,0.0013676451052813548,127,0.0229894976022319,0.02512108053437001,0.024633037236245325,0.024247871790949078,0.0009118390809542793,44
44,118.90778024991353,20.79644592344602,0.18000300725301108,0.011079293575094257,175,"[100, 50, 20]",0.009,32,"{'epochs': 175, 'hidden_layers': [100, 50, 20], 'learning_rate': 0.009, 'mini_batch_size': 32}",0.02330846337098491,0.021943415890269158,0.02437375770749539,0.02320854565624982,0.0009946952630254958,19,0.025276754375765265,0.027111142863205595,0.025781253946450033,0.02605638372847363,0.0007737431005317248,45
45,139.17542823155722,35.62262222652647,0.21302533149719238,0.008064938248540376,175,"[100, 50, 20]",0.009,42,"{'epochs': 175, 'hidden_layers': [100, 50, 20], 'learning_rate': 0.009, 'mini_batch_size': 42}",0.023599449903044856,0.021629094425152928,0.025700786436343104,0.02364311025484696,0.001662547969881789,1,0.025764569739426868,0.026242431109884223,0.02751491798101391,0.026507306276775,0.0007387145963240355,46
46,93.8357134660085,12.84265219366217,0.24988222122192383,0.04657627674391794,175,"[100, 50, 20]",0.009,52,"{'epochs': 175, 'hidden_layers': [100, 50, 20], 'learning_rate': 0.009, 'mini_batch_size': 52}",0.02243485943539869,0.021675329659538445,0.023089590980235997,0.022399926691724376,0.0005778979109616492,61,0.02386831901520514,0.026556512068211413,0.02370638251549495,0.024710404532970503,0.001307068126569168,47
47,89.19418430328369,13.516576029426545,0.1859726905822754,0.011824849933126297,175,"[100, 50, 20]",0.009,62,"{'epochs': 175, 'hidden_layers': [100, 50, 20], 'learning_rate': 0.009, 'mini_batch_size': 62}",0.02215423927696103,0.021554171729617377,0.022729265510090357,0.02214589217222292,0.0004797663346843626,109,0.023425590266867524,0.025963213880225045,0.02367430868195164,0.024354370943014736,0.0011421461990361562,48
48,265.09121624628705,26.179137997028757,0.23863681157430014,0.012391106836489486,175,"[80, 60, 40, 20]",0.001,32,"{'epochs': 175, 'hidden_layers': [80, 60, 40, 20], 'learning_rate': 0.001, 'mini_batch_size': 32}",0.02166264534029272,0.01905487266810546,0.022084306055509484,0.020933941354635888,0.0013398068980798857,199,0.023837250055028236,0.025198349450432533,0.024473900217965694,0.024503166574475488,0.0005560517246683708,49
49,255.85640788078308,49.590132375751224,0.24059025446573892,0.007747112204775607,175,"[80, 60, 40, 20]",0.001,42,"{'epochs': 175, 'hidden_layers': [80, 60, 40, 20], 'learning_rate': 0.001, 'mini_batch_size': 42}",0.020829373746781954,0.01846260349680673,0.021779217981292565,0.020357065074960417,0.0013945822602207637,281,0.02297815577136486,0.024272005048867618,0.024241357013894405,0.023830505944708962,0.0006028324471535563,50
50,278.42214862505597,16.285818539184955,0.22362613677978516,0.015836963831231322,175,"[80, 60, 40, 20]",0.001,52,"{'epochs': 175, 'hidden_layers': [80, 60, 40, 20], 'learning_rate': 0.001, 'mini_batch_size': 52}",0.021090367859801895,0.018486953694511254,0.021191942582782675,0.02025642137903194,0.001251889577401406,294,0.02328414858808947,0.024425994690775332,0.023402993536681516,0.02370437893851544,0.0005125608912663741,51
51,280.2617709636688,12.561686450191019,0.22457202275594076,0.010483427356506203,175,"[80, 60, 40, 20]",0.001,62,"{'epochs': 175, 'hidden_layers': [80, 60, 40, 20], 'learning_rate': 0.001, 'mini_batch_size': 62}",0.020687722211167436,0.018412605077303246,0.021360356125820656,0.020153561138097114,0.0012612969779811582,306,0.02269589079918366,0.02422626926581506,0.02318368382533098,0.0233686146301099,0.0006383124181252741,52
52,141.74016777674356,65.67051081121457,0.24418036142985025,0.010363894807773725,175,"[80, 60, 40, 20]",0.003,32,"{'epochs': 175, 'hidden_layers': [80, 60, 40, 20], 'learning_rate': 0.003, 'mini_batch_size': 32}",0.022893998973206653,0.018416950034651047,0.023274025946569687,0.021528324984809128,0.00220553783092685,151,0.0248322057627427,0.023577992943066173,0.026550201684294228,0.024986800130034365,0.0012183132504017863,53
53,167.7104517618815,37.91281411822049,0.23706825574239096,0.03442494666560428,175,"[80, 60, 40, 20]",0.003,42,"{'epochs': 175, 'hidden_layers': [80, 60, 40, 20], 'learning_rate': 0.003, 'mini_batch_size': 42}",0.021363111661542034,0.020911402038309213,0.02329364638900977,0.02185605336295367,0.0010331233154385559,133,0.023745835847875596,0.027758386359555742,0.025657277235096587,0.025720499814175974,0.001638726786883695,54
54,150.74294845263162,65.17174032167527,0.24401593208312988,0.05068303122698157,175,"[80, 60, 40, 20]",0.003,52,"{'epochs': 175, 'hidden_layers': [80, 60, 40, 20], 'learning_rate': 0.003, 'mini_batch_size': 52}",0.022838036684169616,0.016398624888162017,0.022485613664066317,0.020574091745465983,0.0029560044095149314,258,0.025554746748454593,0.02175059889205344,0.024809852962365708,0.02403839953429125,0.0016460539728101764,55
55,151.24747697512308,43.6220893891081,0.22740093866984049,0.023542809421680008,175,"[80, 60, 40, 20]",0.003,62,"{'epochs': 175, 'hidden_layers': [80, 60, 40, 20], 'learning_rate': 0.003, 'mini_batch_size': 62}",0.02244415751166462,0.01807525826774181,0.021811974413663116,0.020777130064356514,0.0019278653603327128,223,0.02493129845412856,0.023871232882118343,0.024308198911392465,0.02437024341587979,0.00043498804170777285,56
56,113.72505195935567,26.819061582271456,0.24280571937561035,0.017392209037792355,175,"[80, 60, 40, 20]",0.005,32,"{'epochs': 175, 'hidden_layers': [80, 60, 40, 20], 'learning_rate': 0.005, 'mini_batch_size': 32}",0.024403458183319127,0.01966663597879048,0.02432641587493356,0.02279883667901439,0.0022150236716843006,31,0.026902866649402335,0.02490155907424052,0.026374589827942163,0.026059671850528338,0.0008468325304623207,57
57,138.297922372818,44.802889429279055,0.2279940446217855,0.007989020625079975,175,"[80, 60, 40, 20]",0.005,42,"{'epochs': 175, 'hidden_layers': [80, 60, 40, 20], 'learning_rate': 0.005, 'mini_batch_size': 42}",0.02334745094866486,0.020596786283943458,0.025026825899564065,0.022990354377390793,0.0018260980659872868,25,0.025454987816100894,0.02642964928417113,0.028149942911144477,0.026678193337138834,0.001114159279688666,58
58,106.747705300649,39.49200782320057,0.24376877148946127,0.020067016666358146,175,"[80, 60, 40, 20]",0.005,52,"{'epochs': 175, 'hidden_layers': [80, 60, 40, 20], 'learning_rate': 0.005, 'mini_batch_size': 52}",0.022921126506067924,0.01806053615783232,0.023293810901205747,0.02142515785503533,0.0023840068216571535,157,0.025001572787687998,0.023450396303030696,0.026319773998740637,0.02492391436315311,0.0011727049112586828,59
59,94.8608124256134,28.868599427014715,0.2677656014760335,0.025747294612778252,175,"[80, 60, 40, 20]",0.005,62,"{'epochs': 175, 'hidden_layers': [80, 60, 40, 20], 'learning_rate': 0.005, 'mini_batch_size': 62}",0.021627668829154234,0.017740266733924814,0.023402828635381012,0.020923588066153354,0.0023647338275271396,205,0.023807288371884727,0.023061770644221213,0.025462037398518045,0.02411036547154133,0.0010030659397393755,60
60,100.32978359858195,21.126210334945885,0.21152305603027344,0.011235556942841339,175,"[80, 60, 40, 20]",0.009,32,"{'epochs': 175, 'hidden_layers': [80, 60, 40, 20], 'learning_rate': 0.009, 'mini_batch_size': 32}",0.025639923687941102,0.020610067003452137,0.024000388822592922,0.02341679317132872,0.0020944852159509183,7,0.028217722303566117,0.02621028170138917,0.026142979449635173,0.026856994484863488,0.0009625720910547264,61
61,91.9150087038676,26.168478840134938,0.2460942268371582,0.005810145527762851,175,"[80, 60, 40, 20]",0.009,42,"{'epochs': 175, 'hidden_layers': [80, 60, 40, 20], 'learning_rate': 0.009, 'mini_batch_size': 42}",0.02465106869547795,0.019836379034170903,0.023168115954631197,0.022551854561426683,0.002013312810972671,43,0.027385181295979333,0.02560336558210874,0.025236372208518154,0.026074973028868742,0.0009384935842325731,62
62,90.25316437085469,21.09202621402468,0.220261017481486,0.01474540936890853,175,"[80, 60, 40, 20]",0.009,52,"{'epochs': 175, 'hidden_layers': [80, 60, 40, 20], 'learning_rate': 0.009, 'mini_batch_size': 52}",0.024136351877969586,0.019359962085664373,0.024046905227287252,0.022514406396973736,0.0022308278524191534,49,0.026675689673395397,0.025106898840648095,0.026378864429071558,0.026053817647705018,0.000680449717361273,63
63,85.79200569788615,35.89404816336999,0.27979302406311035,0.023786297314099203,175,"[80, 60, 40, 20]",0.009,62,"{'epochs': 175, 'hidden_layers': [80, 60, 40, 20], 'learning_rate': 0.009, 'mini_batch_size': 62}",0.022876733515955205,0.0196591561244035,0.024210821695410112,0.022248903778589606,0.0019105047329457485,79,0.024283053865901794,0.024418287033399433,0.027189914052550113,0.025297084983950446,0.0013395704322903348,64
64,453.54305442174274,127.83882803584889,0.6060822804768881,0.06886757690482798,200,"[200, 100, 50]",0.001,32,"{'epochs': 200, 'hidden_layers': [200, 100, 50], 'learning_rate': 0.001, 'mini_batch_size': 32}",0.019967876710527688,0.018156064790562976,0.02322522059809662,0.020449720699729095,0.0020973340812739964,274,0.02458947669106948,0.02627263555449766,0.027134981624656218,0.025999031290074453,0.0010570535501608646,65
65,393.8176616827647,50.01171447614651,0.5921729405721029,0.030216329939429815,200,"[200, 100, 50]",0.001,42,"{'epochs': 200, 'hidden_layers': [200, 100, 50], 'learning_rate': 0.001, 'mini_batch_size': 42}",0.01950907911977573,0.017036820681024634,0.02217385136219685,0.019573250387665737,0.0020976748268091397,331,0.024237340710982713,0.025182709692513017,0.02509382505921187,0.0248379584875692,0.00042624828810842276,66
66,357.5273063182831,44.55173472764075,0.6045647462209066,0.024382092858806496,200,"[200, 100, 50]",0.001,52,"{'epochs': 200, 'hidden_layers': [200, 100, 50], 'learning_rate': 0.001, 'mini_batch_size': 52}",0.017776653971433465,0.015594326648668333,0.021280972299387524,0.018217317639829773,0.002342380988181931,379,0.02247692316873262,0.02390327538238024,0.02429350080737558,0.023557899786162812,0.000780790969103901,67
67,451.5558629830678,92.09579106307605,0.6762812932332357,0.11253715140869032,200,"[200, 100, 50]",0.001,62,"{'epochs': 200, 'hidden_layers': [200, 100, 50], 'learning_rate': 0.001, 'mini_batch_size': 62}",0.01730979847425218,0.017372104406252697,0.02174217505858389,0.018808025979696257,0.002074912627902434,373,0.021883236704057674,0.026089749833074327,0.02456320137566137,0.024178729304264457,0.0017386876768433798,68
68,293.342098236084,100.66145160065356,0.5867898464202881,0.026623983866361164,200,"[200, 100, 50]",0.003,32,"{'epochs': 200, 'hidden_layers': [200, 100, 50], 'learning_rate': 0.003, 'mini_batch_size': 32}",0.020377393119317078,0.020364672665438954,0.023289260318354543,0.021343775367703526,0.0013756754031853862,175,0.023708923252368064,0.02936443847893566,0.02755268567879865,0.026875349136700793,0.0023580078757191487,69
69,297.56241273880005,104.14143192497029,0.633842945098877,0.00611420878416479,200,"[200, 100, 50]",0.003,42,"{'epochs': 200, 'hidden_layers': [200, 100, 50], 'learning_rate': 0.003, 'mini_batch_size': 42}",0.019420606244626715,0.0198367521378342,0.02301420831875245,0.020757188900404455,0.0016049707873163513,235,0.02297172322961616,0.028933522186623484,0.026877036644005536,0.026260760686748392,0.00247259765463548,70
70,322.6272226969401,65.10634578420424,0.6108113129933676,0.02039394485924911,200,"[200, 100, 50]",0.003,52,"{'epochs': 200, 'hidden_layers': [200, 100, 50], 'learning_rate': 0.003, 'mini_batch_size': 52}",0.02093669467182724,0.019016748911934167,0.022999074247382234,0.020984172610381213,0.0016261241004968208,193,0.025379629551569693,0.028058945272296354,0.02703795478652582,0.02682550987013062,0.0011040932372192358,71
71,340.5467696984609,21.795175731325493,0.8718145688374838,0.3924656182235848,200,"[200, 100, 50]",0.003,62,"{'epochs': 200, 'hidden_layers': [200, 100, 50], 'learning_rate': 0.003, 'mini_batch_size': 62}",0.021124484745866257,0.01877394099141394,0.022785009455958072,0.02089447839774609,0.0016455687460463402,217,0.026106011907855997,0.02747010925666782,0.02661241368335865,0.02672951161596082,0.0005630123377118463,72
72,274.2551616827647,44.080921840606344,0.6207569440205892,0.03129707555191263,200,"[200, 100, 50]",0.005,32,"{'epochs': 200, 'hidden_layers': [200, 100, 50], 'learning_rate': 0.005, 'mini_batch_size': 32}",0.023459705260265418,0.019463630091294815,0.023641981917015387,0.022188439089525207,0.0019281673946223254,97,0.028077303398274633,0.02763199845541109,0.026340228051571546,0.027349843301752424,0.0007366891420778157,73
73,174.40677722295126,31.246233427581043,0.681123415629069,0.14014652309693648,200,"[200, 100, 50]",0.005,42,"{'epochs': 200, 'hidden_layers': [200, 100, 50], 'learning_rate': 0.005, 'mini_batch_size': 42}",0.021069025651965445,0.019476117902086254,0.02302208139066686,0.021189074981572853,0.001450120258631694,187,0.024113810869595298,0.026267234663776118,0.025702324927542763,0.025361123486971393,0.0009116367429416951,74
74,280.01173003514606,65.14246597600207,0.581046978632609,0.01471149522273354,200,"[200, 100, 50]",0.005,52,"{'epochs': 200, 'hidden_layers': [200, 100, 50], 'learning_rate': 0.005, 'mini_batch_size': 52}",0.022297673204898505,0.018958432573822237,0.0234104767250104,0.021555527501243715,0.0018917821342360626,145,0.026561097622003205,0.02685461409421397,0.028114082072750235,0.027176597929655804,0.0006736445001036721,75
75,274.88835112253827,74.6816498063224,0.6138223807017008,0.021365539859221745,200,"[200, 100, 50]",0.005,62,"{'epochs': 200, 'hidden_layers': [200, 100, 50], 'learning_rate': 0.005, 'mini_batch_size': 62}",0.022413600454206595,0.01869418076237439,0.023096097816315497,0.021401293010965494,0.0019343893450174208,169,0.027305381800458495,0.026228243140779317,0.027830860173256755,0.027121495038164856,0.0006670612636566576,76
76,209.87143095334372,48.83430316612222,0.5851523081461588,0.07432380051232944,200,"[200, 100, 50]",0.009,32,"{'epochs': 200, 'hidden_layers': [200, 100, 50], 'learning_rate': 0.009, 'mini_batch_size': 32}",0.02281743915180845,0.019796172071504192,0.02455881816096661,0.022390809794759752,0.0019676058039471487,67,0.025727192380889052,0.029082169807178815,0.027679379678327454,0.02749624728879844,0.001375771659057666,77
77,177.60264762242636,31.049336552085286,0.5883606274922689,0.011907932152601412,200,"[200, 100, 50]",0.009,42,"{'epochs': 200, 'hidden_layers': [200, 100, 50], 'learning_rate': 0.009, 'mini_batch_size': 42}",0.02269922973181837,0.02036276231920786,0.024015623821062593,0.022359205290696276,0.001510532302060744,73,0.02536747158750363,0.02710611109773564,0.02707112967104741,0.026514904118762228,0.0008114829985469684,78
78,190.31035486857095,49.903943130536945,0.5710864861806234,0.0229344667454607,200,"[200, 100, 50]",0.009,52,"{'epochs': 200, 'hidden_layers': [200, 100, 50], 'learning_rate': 0.009, 'mini_batch_size': 52}",0.023347364034812634,0.02029248555246188,0.022950318983779416,0.022196722857017976,0.0013562204779422342,91,0.027775265720950126,0.026878981373905986,0.025783233472578826,0.026812493522478314,0.0008146015776351062,79
79,200.0426778793335,54.21059559753225,0.5139646530151367,0.026367816610235968,200,"[200, 100, 50]",0.009,62,"{'epochs': 200, 'hidden_layers': [200, 100, 50], 'learning_rate': 0.009, 'mini_batch_size': 62}",0.02275096145946487,0.020037830795900824,0.023916908306134466,0.022235233520500053,0.0016250727292179427,85,0.02692211258327848,0.02647628341697794,0.02851190305781759,0.027303433019358003,0.0008736859797325898,80
80,97.06903839111328,4.335253205935647,0.1962736447652181,0.024693496843308543,200,"[100, 50]",0.001,32,"{'epochs': 200, 'hidden_layers': [100, 50], 'learning_rate': 0.001, 'mini_batch_size': 32}",0.01916248485446237,0.018370410771519352,0.019791493832750806,0.019108129819577508,0.0005814264751985648,367,0.020971700319168507,0.020988076544939283,0.020150196714557755,0.02070332452622185,0.0003911775617456051,81
81,110.01228070259094,13.028481869978442,0.20058933893839517,0.02730003059115998,200,"[100, 50]",0.001,42,"{'epochs': 200, 'hidden_layers': [100, 50], 'learning_rate': 0.001, 'mini_batch_size': 42}",0.01820364525550644,0.019192525397765836,0.020632664949162827,0.0193429452008117,0.000997331023583748,355,0.02004723050954771,0.022081130313082675,0.02095108768104903,0.021026482834559806,0.0008320458419200145,82
82,121.16728401184082,16.381149083176116,0.1767409642537435,0.021066232427332496,200,"[100, 50]",0.001,52,"{'epochs': 200, 'hidden_layers': [100, 50], 'learning_rate': 0.001, 'mini_batch_size': 52}",0.019671522594644553,0.018415461243884823,0.019949992087913482,0.019345658642147618,0.0006675011682743933,349,0.021465264376611115,0.021332067499307827,0.020290162935814426,0.021029164937244455,0.0005253749902809289,83
83,135.7517143090566,23.022330877898646,0.18187912305196127,0.022119537309259057,200,"[100, 50]",0.001,62,"{'epochs': 200, 'hidden_layers': [100, 50], 'learning_rate': 0.001, 'mini_batch_size': 62}",0.019138320822227328,0.019402589225050892,0.019869746429579616,0.01947021882561928,0.0003024083077865038,343,0.020970755068229985,0.022480629953860354,0.02033032806686308,0.021260571029651138,0.00090145974949037,84
84,67.66735657056172,29.382538586259216,0.1660608450571696,0.010003413968577117,200,"[100, 50]",0.003,32,"{'epochs': 200, 'hidden_layers': [100, 50], 'learning_rate': 0.003, 'mini_batch_size': 32}",0.02118326765267453,0.019350219870083007,0.018178477019910266,0.019570654847555935,0.0012365638873257042,337,0.023050506793222958,0.02202875224952694,0.0180531617494486,0.021044140264066164,0.0021556839507170795,85
85,61.252038399378456,6.561635228157484,0.17507203420003256,0.007846074108281016,200,"[100, 50]",0.003,42,"{'epochs': 200, 'hidden_layers': [100, 50], 'learning_rate': 0.003, 'mini_batch_size': 42}",0.020415346357403497,0.018939121354549893,0.0209627168049783,0.02010572817231056,0.0008546469844927466,313,0.02199148463751388,0.02139354174721686,0.021238216682228583,0.021541081022319775,0.0003247347957830033,86
86,63.62800701459249,15.042985432586145,0.16801031430562338,0.015899653784655205,200,"[100, 50]",0.003,52,"{'epochs': 200, 'hidden_layers': [100, 50], 'learning_rate': 0.003, 'mini_batch_size': 52}",0.020539089527427,0.01822418494419764,0.02106074562487603,0.019941340032166893,0.0012327469240427929,325,0.022193083041358586,0.020694035095794705,0.021260204028987095,0.021382440722046796,0.00061805746368357,87
87,53.88359522819519,3.017231753009529,0.17708643277486166,0.013232652675130852,200,"[100, 50]",0.003,62,"{'epochs': 200, 'hidden_layers': [100, 50], 'learning_rate': 0.003, 'mini_batch_size': 62}",0.019444207549814796,0.01791443457537345,0.020603175483992264,0.019320605869726837,0.0011011478707574523,361,0.021144499451200227,0.02039062872784836,0.020828217603845567,0.020787781927631383,0.0003090917337565456,88
88,47.78580665588379,10.993712211566468,0.17828798294067383,0.006126431888156316,200,"[100, 50]",0.005,32,"{'epochs': 200, 'hidden_layers': [100, 50], 'learning_rate': 0.005, 'mini_batch_size': 32}",0.020788938637343324,0.020017208913799656,0.019747536967241963,0.020184561506128313,0.0004413120794795277,300,0.021970804305598945,0.02284586210286277,0.019660984247469537,0.02149255021864375,0.0013434798019100888,89
89,61.8643471399943,24.5545792623982,0.18426871299743652,0.013715077038436425,200,"[100, 50]",0.005,42,"{'epochs': 200, 'hidden_layers': [100, 50], 'learning_rate': 0.005, 'mini_batch_size': 42}",0.021531153606061282,0.01978728619721304,0.01907754162043751,0.020131993807903942,0.0010309123618265944,307,0.0234400414673972,0.02240267568371579,0.019150926447494054,0.02166454786620235,0.0018271565194275788,90
90,61.69346340497335,14.80177765047576,0.18733962376912436,0.016424785172653143,200,"[100, 50]",0.005,52,"{'epochs': 200, 'hidden_layers': [100, 50], 'learning_rate': 0.005, 'mini_batch_size': 52}",0.021354779433193305,0.018369465828518727,0.021639351314896693,0.020454532192202907,0.001478934660420451,268,0.023261980992783204,0.02150039473447829,0.021765776013870974,0.02217605058037749,0.0007754742425568838,91
91,48.07203332583109,4.383261413554001,0.19043763478597006,0.012431434727973896,200,"[100, 50]",0.005,62,"{'epochs': 200, 'hidden_layers': [100, 50], 'learning_rate': 0.005, 'mini_batch_size': 62}",0.020671774457638903,0.019189061501044935,0.020366980344713626,0.020075938767799156,0.0006393425412262991,319,0.02219649148992664,0.021818438307031895,0.020413070036619185,0.021475999944525908,0.0007672878834423472,92
92,81.19059840838115,23.215208178703612,0.19006522496541342,0.026358229733992294,200,"[100, 50]",0.009,32,"{'epochs': 200, 'hidden_layers': [100, 50], 'learning_rate': 0.009, 'mini_batch_size': 32}",0.023290508633965867,0.021434343441529613,0.022726815980257387,0.022483889351917623,0.0007770016368367031,55,0.025843382518169977,0.026326020807042383,0.02328513196635451,0.025151511763855623,0.00133435754600273,93
93,42.49877532323202,10.070003153634978,0.17257110277811685,0.02432505198006097,200,"[100, 50]",0.009,42,"{'epochs': 200, 'hidden_layers': [100, 50], 'learning_rate': 0.009, 'mini_batch_size': 42}",0.02109516424202651,0.02033831378853812,0.02061770494084103,0.02068372765713522,0.000312489894808928,241,0.022312101707319565,0.023350095334401355,0.020427912971874185,0.022030036671198367,0.0012095337816469501,94
94,45.25614730517069,3.6634842572446815,0.20190000534057617,0.015517019084512336,200,"[100, 50]",0.009,52,"{'epochs': 200, 'hidden_layers': [100, 50], 'learning_rate': 0.009, 'mini_batch_size': 52}",0.02098177608358265,0.01992631641374809,0.02179599565459578,0.02090136271730884,0.0007654083215386026,211,0.022191766013166858,0.022780267971568735,0.02198027031387262,0.022317434766202737,0.0003384706188105675,95
95,53.4456299940745,2.149907087441997,0.1811056931813558,0.032874086432857164,200,"[100, 50]",0.009,62,"{'epochs': 200, 'hidden_layers': [100, 50], 'learning_rate': 0.009, 'mini_batch_size': 62}",0.021772782889851072,0.020147028276882084,0.021813936832585257,0.02124458266643947,0.000776269987516439,181,0.02327008202347336,0.023104429930406956,0.022042915019931053,0.022805808991270455,0.0005436699750239567,96
96,198.32493289311728,91.66002803727645,0.19011608759562174,0.00863215866703651,200,"[100, 50, 20]",0.001,32,"{'epochs': 200, 'hidden_layers': [100, 50, 20], 'learning_rate': 0.001, 'mini_batch_size': 32}",0.020374874174590163,0.01813986771147791,0.0234601463907661,0.020658296092278056,0.002181220956848334,247,0.021636541455924196,0.022559904335874736,0.024118913587604762,0.02277178645980123,0.0010244391557874585,97
97,197.90826058387756,68.65134866771035,0.22530118624369302,0.05223930297207876,200,"[100, 50, 20]",0.001,42,"{'epochs': 200, 'hidden_layers': [100, 50, 20], 'learning_rate': 0.001, 'mini_batch_size': 42}",0.021192287241036722,0.01689052771533872,0.022786578474306873,0.02028979781022744,0.0024902100336616963,287,0.022543699456863298,0.021346451026870383,0.023310067271222867,0.022400072584985515,0.0008080506162014382,98
98,256.71958168347675,47.16123860123527,0.22933228810628256,0.01449778281768237,200,"[100, 50, 20]",0.001,52,"{'epochs': 200, 'hidden_layers': [100, 50, 20], 'learning_rate': 0.001, 'mini_batch_size': 52}",0.02174017273743356,0.018579179123564993,0.022004630140655568,0.02077466066721804,0.001556189541994721,229,0.023200674767873686,0.023292702761410156,0.022549717871055863,0.023014365133446568,0.0003306963327424619,99
99,276.60928535461426,18.0546460592409,0.22722784678141275,0.045219230396660516,200,"[100, 50, 20]",0.001,62,"{'epochs': 200, 'hidden_layers': [100, 50, 20], 'learning_rate': 0.001, 'mini_batch_size': 62}",0.021492434416938377,0.01907854767941697,0.021384616346468488,0.020651866147607945,0.0011133745808256574,253,0.023133923231294706,0.023826272735036236,0.021859141090406875,0.022939779018912605,0.0008147272378846199,100
100,125.24218559265137,15.329381937794674,0.22988390922546387,0.025292141011950906,200,"[100, 50, 20]",0.003,32,"{'epochs': 200, 'hidden_layers': [100, 50, 20], 'learning_rate': 0.003, 'mini_batch_size': 32}",0.022339734063694938,0.0206649938798108,0.023461725727267124,0.022155484556924288,0.0011491701838582007,103,0.02342599485080532,0.025338377973589843,0.02401963894699488,0.024261337257130016,0.0007992145548054892,101
101,133.70483676592508,21.588575622870664,0.22337722778320312,0.007118670273893817,200,"[100, 50, 20]",0.003,42,"{'epochs': 200, 'hidden_layers': [100, 50, 20], 'learning_rate': 0.003, 'mini_batch_size': 42}",0.022907065035374652,0.019972239740810194,0.022773029577659365,0.021884111451281402,0.001353004423238968,121,0.024724262303604028,0.02476227776903628,0.023195640449213073,0.02422739350728446,0.0007297246391768844,102
102,135.43289836247763,54.66973126877119,0.23784732818603516,0.03523272617429725,200,"[100, 50, 20]",0.003,52,"{'epochs': 200, 'hidden_layers': [100, 50, 20], 'learning_rate': 0.003, 'mini_batch_size': 52}",0.0209627624225176,0.019304751669961928,0.02394384269362637,0.021403785595368634,0.001919403980528799,163,0.022150908557084015,0.023962218437243776,0.02491623599177939,0.023676454328702395,0.0011468812201117615,103
103,151.1963131427765,34.61121566615315,0.2296124299367269,0.019985277226489476,200,"[100, 50, 20]",0.003,62,"{'epochs': 200, 'hidden_layers': [100, 50, 20], 'learning_rate': 0.003, 'mini_batch_size': 62}",0.022301871038787113,0.01896226945986268,0.023558588801327218,0.02160757643332567,0.0019395998937168971,139,0.02392820868568335,0.0238148451886383,0.02435835371946249,0.02403380253126138,0.00023411240311388106,104
104,149.45110734303793,51.46244907552731,0.23067291577657065,0.03628929982915005,200,"[100, 50, 20]",0.005,32,"{'epochs': 200, 'hidden_layers': [100, 50, 20], 'learning_rate': 0.005, 'mini_batch_size': 32}",0.022363276501552454,0.021453238478878034,0.02615251093522708,0.023323008638552523,0.002034961872835826,13,0.02356245976924054,0.02659165724024748,0.02807971936848863,0.02607794545932555,0.001879598080644413,105
105,140.32657170295715,18.534734060834662,0.23407475153605142,0.033438867210158464,200,"[100, 50, 20]",0.005,42,"{'epochs': 200, 'hidden_layers': [100, 50, 20], 'learning_rate': 0.005, 'mini_batch_size': 42}",0.023580185046351954,0.021004000807358758,0.023535517889988977,0.022706567914566562,0.0012040348429686613,37,0.02524385562365672,0.025890660421382883,0.024697504158427863,0.02527734006782249,0.00048767911099958266,106
106,97.87958224614461,14.796138912955067,0.2347587744394938,0.03404835648927086,200,"[100, 50, 20]",0.005,52,"{'epochs': 200, 'hidden_layers': [100, 50, 20], 'learning_rate': 0.005, 'mini_batch_size': 52}",0.022333555911583813,0.020694591128321393,0.023125389438856114,0.022051178826253775,0.0010122574509034185,115,0.023489180769652784,0.025638948379191673,0.023733233618922545,0.024287120922589,0.0009610648790544127,107
107,102.34217031796773,21.833255075371497,0.22983407974243164,0.024132503303577364,200,"[100, 50, 20]",0.005,62,"{'epochs': 200, 'hidden_layers': [100, 50, 20], 'learning_rate': 0.005, 'mini_batch_size': 62}",0.021833578431540768,0.02023260835694285,0.02358156552832169,0.02188258410560177,0.0013676451052813548,127,0.0229894976022319,0.02512108053437001,0.024633037236245325,0.024247871790949078,0.0009118390809542793,108
108,125.73187494277954,17.27397279702559,0.20360477765401205,0.014347056516530957,200,"[100, 50, 20]",0.009,32,"{'epochs': 200, 'hidden_layers': [100, 50, 20], 'learning_rate': 0.009, 'mini_batch_size': 32}",0.02330846337098491,0.021943415890269158,0.02437375770749539,0.02320854565624982,0.0009946952630254958,19,0.025276754375765265,0.027111142863205595,0.025781253946450033,0.02605638372847363,0.0007737431005317248,109
109,148.5435905456543,33.26221941942578,0.2794102032979329,0.04716353766463822,200,"[100, 50, 20]",0.009,42,"{'epochs': 200, 'hidden_layers': [100, 50, 20], 'learning_rate': 0.009, 'mini_batch_size': 42}",0.023599449903044856,0.021629094425152928,0.025700786436343104,0.02364311025484696,0.001662547969881789,1,0.025764569739426868,0.026242431109884223,0.02751491798101391,0.026507306276775,0.0007387145963240355,110
110,102.46494476000468,13.169564847893035,0.18677862485249838,0.01474348650257466,200,"[100, 50, 20]",0.009,52,"{'epochs': 200, 'hidden_layers': [100, 50, 20], 'learning_rate': 0.009, 'mini_batch_size': 52}",0.02243485943539869,0.021675329659538445,0.023089590980235997,0.022399926691724376,0.0005778979109616492,61,0.02386831901520514,0.026556512068211413,0.02370638251549495,0.024710404532970503,0.001307068126569168,111
111,93.06317003568013,13.760813934987556,0.1903526782989502,0.006015870150130359,200,"[100, 50, 20]",0.009,62,"{'epochs': 200, 'hidden_layers': [100, 50, 20], 'learning_rate': 0.009, 'mini_batch_size': 62}",0.02215423927696103,0.021554171729617377,0.022729265510090357,0.02214589217222292,0.0004797663346843626,109,0.023425590266867524,0.025963213880225045,0.02367430868195164,0.024354370943014736,0.0011421461990361562,112
112,267.6954562664032,19.954017257692197,0.21342778205871582,0.028165578125370152,200,"[80, 60, 40, 20]",0.001,32,"{'epochs': 200, 'hidden_layers': [80, 60, 40, 20], 'learning_rate': 0.001, 'mini_batch_size': 32}",0.02166264534029272,0.01905487266810546,0.022084306055509484,0.020933941354635888,0.0013398068980798857,199,0.023837250055028236,0.025198349450432533,0.024473900217965694,0.024503166574475488,0.0005560517246683708,113
113,265.1021800041199,44.78939193162344,0.2207303841908773,0.017478836891421674,200,"[80, 60, 40, 20]",0.001,42,"{'epochs': 200, 'hidden_layers': [80, 60, 40, 20], 'learning_rate': 0.001, 'mini_batch_size': 42}",0.020829373746781954,0.01846260349680673,0.021779217981292565,0.020357065074960417,0.0013945822602207637,281,0.02297815577136486,0.024272005048867618,0.024241357013894405,0.023830505944708962,0.0006028324471535563,114
114,291.6761067708333,24.591247638536025,0.22127493222554526,0.021943847496625018,200,"[80, 60, 40, 20]",0.001,52,"{'epochs': 200, 'hidden_layers': [80, 60, 40, 20], 'learning_rate': 0.001, 'mini_batch_size': 52}",0.021090367859801895,0.018486953694511254,0.021191942582782675,0.02025642137903194,0.001251889577401406,294,0.02328414858808947,0.024425994690775332,0.023402993536681516,0.02370437893851544,0.0005125608912663741,115
115,293.5329625606537,28.717726776126412,0.24797495206197104,0.04664802476544722,200,"[80, 60, 40, 20]",0.001,62,"{'epochs': 200, 'hidden_layers': [80, 60, 40, 20], 'learning_rate': 0.001, 'mini_batch_size': 62}",0.020687722211167436,0.018412605077303246,0.021685681213838737,0.02026200283410314,0.001369716415879709,293,0.02269589079918366,0.02422626926581506,0.023760759446671442,0.02356097317055672,0.0006405468912708415,116
116,134.3741009235382,54.34586716118952,0.223037322362264,0.011787036915765077,200,"[80, 60, 40, 20]",0.003,32,"{'epochs': 200, 'hidden_layers': [80, 60, 40, 20], 'learning_rate': 0.003, 'mini_batch_size': 32}",0.022893998973206653,0.018416950034651047,0.023274025946569687,0.021528324984809128,0.00220553783092685,151,0.0248322057627427,0.023577992943066173,0.026550201684294228,0.024986800130034365,0.0012183132504017863,117
117,169.92451659838358,40.18343856150836,0.23046096165974936,0.00846473085891534,200,"[80, 60, 40, 20]",0.003,42,"{'epochs': 200, 'hidden_layers': [80, 60, 40, 20], 'learning_rate': 0.003, 'mini_batch_size': 42}",0.021363111661542034,0.020911402038309213,0.02329364638900977,0.02185605336295367,0.0010331233154385559,133,0.023745835847875596,0.027758386359555742,0.025657277235096587,0.025720499814175974,0.001638726786883695,118
118,150.05141059557596,64.38857340988716,0.25522764523824054,0.009485354591511763,200,"[80, 60, 40, 20]",0.003,52,"{'epochs': 200, 'hidden_layers': [80, 60, 40, 20], 'learning_rate': 0.003, 'mini_batch_size': 52}",0.022838036684169616,0.016398624888162017,0.022485613664066317,0.020574091745465983,0.0029560044095149314,258,0.025554746748454593,0.02175059889205344,0.024809852962365708,0.02403839953429125,0.0016460539728101764,119
119,152.03492426872253,45.04054960767345,0.22993596394856772,0.026853685781222502,200,"[80, 60, 40, 20]",0.003,62,"{'epochs': 200, 'hidden_layers': [80, 60, 40, 20], 'learning_rate': 0.003, 'mini_batch_size': 62}",0.02244415751166462,0.01807525826774181,0.021811974413663116,0.020777130064356514,0.0019278653603327128,223,0.02493129845412856,0.023871232882118343,0.024308198911392465,0.02437024341587979,0.00043498804170777285,120
120,110.50420268376668,27.62420261913956,0.21035202344258627,0.027504690779258902,200,"[80, 60, 40, 20]",0.005,32,"{'epochs': 200, 'hidden_layers': [80, 60, 40, 20], 'learning_rate': 0.005, 'mini_batch_size': 32}",0.024403458183319127,0.01966663597879048,0.02432641587493356,0.02279883667901439,0.0022150236716843006,31,0.026902866649402335,0.02490155907424052,0.026374589827942163,0.026059671850528338,0.0008468325304623207,121
121,144.43656277656555,43.4989851646429,0.2287586530049642,0.017787847575141586,200,"[80, 60, 40, 20]",0.005,42,"{'epochs': 200, 'hidden_layers': [80, 60, 40, 20], 'learning_rate': 0.005, 'mini_batch_size': 42}",0.02334745094866486,0.020596786283943458,0.025026825899564065,0.022990354377390793,0.0018260980659872868,25,0.025454987816100894,0.02642964928417113,0.028149942911144477,0.026678193337138834,0.001114159279688666,122
122,112.80962085723877,42.30124104965532,0.24494274457295737,0.04360866501370822,200,"[80, 60, 40, 20]",0.005,52,"{'epochs': 200, 'hidden_layers': [80, 60, 40, 20], 'learning_rate': 0.005, 'mini_batch_size': 52}",0.022921126506067924,0.01806053615783232,0.023293810901205747,0.02142515785503533,0.0023840068216571535,157,0.025001572787687998,0.023450396303030696,0.026319773998740637,0.02492391436315311,0.0011727049112586828,123
123,95.45553461710612,30.304352581674152,0.24592185020446777,0.013070017898592764,200,"[80, 60, 40, 20]",0.005,62,"{'epochs': 200, 'hidden_layers': [80, 60, 40, 20], 'learning_rate': 0.005, 'mini_batch_size': 62}",0.021627668829154234,0.017740266733924814,0.023402828635381012,0.020923588066153354,0.0023647338275271396,205,0.023807288371884727,0.023061770644221213,0.025462037398518045,0.02411036547154133,0.0010030659397393755,124
124,103.91089296340942,23.194705371919607,0.24305168787638345,0.012587175251791444,200,"[80, 60, 40, 20]",0.009,32,"{'epochs': 200, 'hidden_layers': [80, 60, 40, 20], 'learning_rate': 0.009, 'mini_batch_size': 32}",0.025639923687941102,0.020610067003452137,0.024000388822592922,0.02341679317132872,0.0020944852159509183,7,0.028217722303566117,0.02621028170138917,0.026142979449635173,0.026856994484863488,0.0009625720910547264,125
125,91.91262602806091,24.072983737364027,0.2217249075571696,0.019519682190930768,200,"[80, 60, 40, 20]",0.009,42,"{'epochs': 200, 'hidden_layers': [80, 60, 40, 20], 'learning_rate': 0.009, 'mini_batch_size': 42}",0.02465106869547795,0.019836379034170903,0.023168115954631197,0.022551854561426683,0.002013312810972671,43,0.027385181295979333,0.02560336558210874,0.025236372208518154,0.026074973028868742,0.0009384935842325731,126
126,90.92929689089458,21.901193977932646,0.2775567372639974,0.055543574076862286,200,"[80, 60, 40, 20]",0.009,52,"{'epochs': 200, 'hidden_layers': [80, 60, 40, 20], 'learning_rate': 0.009, 'mini_batch_size': 52}",0.024136351877969586,0.019359962085664373,0.024046905227287252,0.022514406396973736,0.0022308278524191534,49,0.026675689673395397,0.025106898840648095,0.026378864429071558,0.026053817647705018,0.000680449717361273,127
127,89.9976323445638,39.34307369177412,0.2533516089121501,0.025232946024476913,200,"[80, 60, 40, 20]",0.009,62,"{'epochs': 200, 'hidden_layers': [80, 60, 40, 20], 'learning_rate': 0.009, 'mini_batch_size': 62}",0.022876733515955205,0.0196591561244035,0.024210821695410112,0.022248903778589606,0.0019105047329457485,79,0.024283053865901794,0.024418287033399433,0.027189914052550113,0.025297084983950446,0.0013395704322903348,128
128,475.0953600406647,139.67690092673726,0.638314962387085,0.05670019890165815,225,"[200, 100, 50]",0.001,32,"{'epochs': 225, 'hidden_layers': [200, 100, 50], 'learning_rate': 0.001, 'mini_batch_size': 32}",0.019967876710527688,0.018156064790562976,0.02322522059809662,0.020449720699729095,0.0020973340812739964,274,0.02458947669106948,0.02627263555449766,0.027134981624656218,0.025999031290074453,0.0010570535501608646,129
129,414.41216429074603,55.694803059011235,0.5917309919993082,0.01900775550274154,225,"[200, 100, 50]",0.001,42,"{'epochs': 225, 'hidden_layers': [200, 100, 50], 'learning_rate': 0.001, 'mini_batch_size': 42}",0.01950907911977573,0.017036820681024634,0.02217385136219685,0.019573250387665737,0.0020976748268091397,331,0.024237340710982713,0.025182709692513017,0.02509382505921187,0.0248379584875692,0.00042624828810842276,130
130,363.150349299113,55.92332443621081,0.5761121114095052,0.045124424330715895,225,"[200, 100, 50]",0.001,52,"{'epochs': 225, 'hidden_layers': [200, 100, 50], 'learning_rate': 0.001, 'mini_batch_size': 52}",0.017776653971433465,0.015594326648668333,0.021280972299387524,0.018217317639829773,0.002342380988181931,379,0.02247692316873262,0.02390327538238024,0.02429350080737558,0.023557899786162812,0.000780790969103901,131
131,446.2037235895793,86.23286900691072,0.6191267172495524,0.03842604196155011,225,"[200, 100, 50]",0.001,62,"{'epochs': 225, 'hidden_layers': [200, 100, 50], 'learning_rate': 0.001, 'mini_batch_size': 62}",0.01730979847425218,0.017372104406252697,0.02174217505858389,0.018808025979696257,0.002074912627902434,373,0.021883236704057674,0.026089749833074327,0.02456320137566137,0.024178729304264457,0.0017386876768433798,132
132,291.18042397499084,95.27933606293657,0.5932226975758871,0.012516003837925175,225,"[200, 100, 50]",0.003,32,"{'epochs': 225, 'hidden_layers': [200, 100, 50], 'learning_rate': 0.003, 'mini_batch_size': 32}",0.020377393119317078,0.020364672665438954,0.023289260318354543,0.021343775367703526,0.0013756754031853862,175,0.023708923252368064,0.02936443847893566,0.02755268567879865,0.026875349136700793,0.0023580078757191487,133
133,298.2857105731964,100.50030120508842,0.8549079895019531,0.3692187280977764,225,"[200, 100, 50]",0.003,42,"{'epochs': 225, 'hidden_layers': [200, 100, 50], 'learning_rate': 0.003, 'mini_batch_size': 42}",0.019420606244626715,0.0198367521378342,0.02301420831875245,0.020757188900404455,0.0016049707873163513,235,0.02297172322961616,0.028933522186623484,0.026877036644005536,0.026260760686748392,0.00247259765463548,134
134,323.6426195303599,62.271048024111515,0.5975009600321451,0.02443426678910766,225,"[200, 100, 50]",0.003,52,"{'epochs': 225, 'hidden_layers': [200, 100, 50], 'learning_rate': 0.003, 'mini_batch_size': 52}",0.02093669467182724,0.019016748911934167,0.022999074247382234,0.020984172610381213,0.0016261241004968208,193,0.025379629551569693,0.028058945272296354,0.02703795478652582,0.02682550987013062,0.0011040932372192358,135
135,339.6722439130147,23.218709311541705,0.6039976278940836,0.0446696967395253,225,"[200, 100, 50]",0.003,62,"{'epochs': 225, 'hidden_layers': [200, 100, 50], 'learning_rate': 0.003, 'mini_batch_size': 62}",0.021124484745866257,0.01877394099141394,0.022785009455958072,0.02089447839774609,0.0016455687460463402,217,0.026106011907855997,0.02747010925666782,0.02661241368335865,0.02672951161596082,0.0005630123377118463,136
136,291.0318865776062,42.774844688412564,0.6126658916473389,0.027211817425772427,225,"[200, 100, 50]",0.005,32,"{'epochs': 225, 'hidden_layers': [200, 100, 50], 'learning_rate': 0.005, 'mini_batch_size': 32}",0.023459705260265418,0.019463630091294815,0.023641981917015387,0.022188439089525207,0.0019281673946223254,97,0.028077303398274633,0.02763199845541109,0.026340228051571546,0.027349843301752424,0.0007366891420778157,137
137,182.7866419951121,28.00191127970123,0.8315137227376302,0.3369806134766681,225,"[200, 100, 50]",0.005,42,"{'epochs': 225, 'hidden_layers': [200, 100, 50], 'learning_rate': 0.005, 'mini_batch_size': 42}",0.021069025651965445,0.019476117902086254,0.02302208139066686,0.021189074981572853,0.001450120258631694,187,0.024113810869595298,0.026267234663776118,0.025702324927542763,0.025361123486971393,0.0009116367429416951,138
138,301.76457746823627,66.65739685933647,0.5922377109527588,0.036359028051719915,225,"[200, 100, 50]",0.005,52,"{'epochs': 225, 'hidden_layers': [200, 100, 50], 'learning_rate': 0.005, 'mini_batch_size': 52}",0.022297673204898505,0.018958432573822237,0.0234104767250104,0.021555527501243715,0.0018917821342360626,145,0.026561097622003205,0.02685461409421397,0.028114082072750235,0.027176597929655804,0.0006736445001036721,139
139,303.68904336293537,85.45397369499835,0.9420656363169352,0.45450348970722804,225,"[200, 100, 50]",0.005,62,"{'epochs': 225, 'hidden_layers': [200, 100, 50], 'learning_rate': 0.005, 'mini_batch_size': 62}",0.022413600454206595,0.01869418076237439,0.023096097816315497,0.021401293010965494,0.0019343893450174208,169,0.027305381800458495,0.026228243140779317,0.027830860173256755,0.027121495038164856,0.0006670612636566576,140
140,224.5915286540985,49.85157746804583,0.6060629685719808,0.04432462988423996,225,"[200, 100, 50]",0.009,32,"{'epochs': 225, 'hidden_layers': [200, 100, 50], 'learning_rate': 0.009, 'mini_batch_size': 32}",0.02281743915180845,0.019796172071504192,0.02455881816096661,0.022390809794759752,0.0019676058039471487,67,0.025727192380889052,0.029082169807178815,0.027679379678327454,0.02749624728879844,0.001375771659057666,141
141,180.180615345637,31.185048924809195,0.5953005949656168,0.020249497935461314,225,"[200, 100, 50]",0.009,42,"{'epochs': 225, 'hidden_layers': [200, 100, 50], 'learning_rate': 0.009, 'mini_batch_size': 42}",0.02269922973181837,0.02036276231920786,0.024015623821062593,0.022359205290696276,0.001510532302060744,73,0.02536747158750363,0.02710611109773564,0.02707112967104741,0.026514904118762228,0.0008114829985469684,142
142,205.49765261014304,53.07871210990045,0.6269137064615885,0.05360492045195617,225,"[200, 100, 50]",0.009,52,"{'epochs': 225, 'hidden_layers': [200, 100, 50], 'learning_rate': 0.009, 'mini_batch_size': 52}",0.023347364034812634,0.02029248555246188,0.022950318983779416,0.022196722857017976,0.0013562204779422342,91,0.027775265720950126,0.026878981373905986,0.025783233472578826,0.026812493522478314,0.0008146015776351062,143
143,210.9070289929708,55.61779217611901,0.5617095629374186,0.09006398175559012,225,"[200, 100, 50]",0.009,62,"{'epochs': 225, 'hidden_layers': [200, 100, 50], 'learning_rate': 0.009, 'mini_batch_size': 62}",0.02275096145946487,0.020037830795900824,0.023916908306134466,0.022235233520500053,0.0016250727292179427,85,0.02692211258327848,0.02647628341697794,0.02851190305781759,0.027303433019358003,0.0008736859797325898,144
144,103.23315787315369,8.097882908606584,0.17765116691589355,0.020088062562377194,225,"[100, 50]",0.001,32,"{'epochs': 225, 'hidden_layers': [100, 50], 'learning_rate': 0.001, 'mini_batch_size': 32}",0.01916248485446237,0.018370410771519352,0.019791493832750806,0.019108129819577508,0.0005814264751985648,367,0.020971700319168507,0.020988076544939283,0.020150196714557755,0.02070332452622185,0.0003911775617456051,145
145,114.10571400324504,11.11253962288947,0.20765765508015951,0.022296853807755312,225,"[100, 50]",0.001,42,"{'epochs': 225, 'hidden_layers': [100, 50], 'learning_rate': 0.001, 'mini_batch_size': 42}",0.01820364525550644,0.019192525397765836,0.020632664949162827,0.0193429452008117,0.000997331023583748,355,0.02004723050954771,0.022081130313082675,0.02095108768104903,0.021026482834559806,0.0008320458419200145,146
146,121.2741843064626,17.181781048430256,0.17310094833374023,0.019162257950287916,225,"[100, 50]",0.001,52,"{'epochs': 225, 'hidden_layers': [100, 50], 'learning_rate': 0.001, 'mini_batch_size': 52}",0.019671522594644553,0.018415461243884823,0.019949992087913482,0.019345658642147618,0.0006675011682743933,349,0.021465264376611115,0.021332067499307827,0.020290162935814426,0.021029164937244455,0.0005253749902809289,147
147,136.44748409589133,23.9150393589544,0.1652209758758545,0.01662019039904095,225,"[100, 50]",0.001,62,"{'epochs': 225, 'hidden_layers': [100, 50], 'learning_rate': 0.001, 'mini_batch_size': 62}",0.019138320822227328,0.019402589225050892,0.019869746429579616,0.01947021882561928,0.0003024083077865038,343,0.020970755068229985,0.022480629953860354,0.02033032806686308,0.021260571029651138,0.00090145974949037,148
148,66.29472128550212,29.292065494331904,0.17108805974324545,0.02091254015459685,225,"[100, 50]",0.003,32,"{'epochs': 225, 'hidden_layers': [100, 50], 'learning_rate': 0.003, 'mini_batch_size': 32}",0.02118326765267453,0.019350219870083007,0.018178477019910266,0.019570654847555935,0.0012365638873257042,337,0.023050506793222958,0.02202875224952694,0.0180531617494486,0.021044140264066164,0.0021556839507170795,149
149,61.62806169191996,3.2250086412844783,0.175398588180542,0.011557255011450157,225,"[100, 50]",0.003,42,"{'epochs': 225, 'hidden_layers': [100, 50], 'learning_rate': 0.003, 'mini_batch_size': 42}",0.020415346357403497,0.018939121354549893,0.0209627168049783,0.02010572817231056,0.0008546469844927466,313,0.02199148463751388,0.02139354174721686,0.021238216682228583,0.021541081022319775,0.0003247347957830033,150
150,65.0410479704539,13.410525814682915,0.18634565671284994,0.03477759898199024,225,"[100, 50]",0.003,52,"{'epochs': 225, 'hidden_layers': [100, 50], 'learning_rate': 0.003, 'mini_batch_size': 52}",0.020539089527427,0.01822418494419764,0.02106074562487603,0.019941340032166893,0.0012327469240427929,325,0.022193083041358586,0.020694035095794705,0.021260204028987095,0.021382440722046796,0.00061805746368357,151
151,53.88387370109558,2.8832294034711317,0.18822797139485678,0.031195452182721777,225,"[100, 50]",0.003,62,"{'epochs': 225, 'hidden_layers': [100, 50], 'learning_rate': 0.003, 'mini_batch_size': 62}",0.019444207549814796,0.01791443457537345,0.020603175483992264,0.019320605869726837,0.0011011478707574523,361,0.021144499451200227,0.02039062872784836,0.020828217603845567,0.020787781927631383,0.0003090917337565456,152
152,48.558286905288696,9.963199553971467,0.22222344080607095,0.022593583888764323,225,"[100, 50]",0.005,32,"{'epochs': 225, 'hidden_layers': [100, 50], 'learning_rate': 0.005, 'mini_batch_size': 32}",0.020788938637343324,0.020017208913799656,0.019747536967241963,0.020184561506128313,0.0004413120794795277,300,0.021970804305598945,0.02284586210286277,0.019660984247469537,0.02149255021864375,0.0013434798019100888,153
153,60.23454761505127,25.14941678011413,0.17326887448628744,0.028231861513783187,225,"[100, 50]",0.005,42,"{'epochs': 225, 'hidden_layers': [100, 50], 'learning_rate': 0.005, 'mini_batch_size': 42}",0.021531153606061282,0.01978728619721304,0.01907754162043751,0.020131993807903942,0.0010309123618265944,307,0.0234400414673972,0.02240267568371579,0.019150926447494054,0.02166454786620235,0.0018271565194275788,154
154,63.80077075958252,13.842001921785258,0.16909098625183105,0.012394059435586604,225,"[100, 50]",0.005,52,"{'epochs': 225, 'hidden_layers': [100, 50], 'learning_rate': 0.005, 'mini_batch_size': 52}",0.021354779433193305,0.018369465828518727,0.021639351314896693,0.020454532192202907,0.001478934660420451,268,0.023261980992783204,0.02150039473447829,0.021765776013870974,0.02217605058037749,0.0007754742425568838,155
155,46.60483876864115,4.6782786089798645,0.18644960721333823,0.019371196403254624,225,"[100, 50]",0.005,62,"{'epochs': 225, 'hidden_layers': [100, 50], 'learning_rate': 0.005, 'mini_batch_size': 62}",0.020671774457638903,0.019189061501044935,0.020366980344713626,0.020075938767799156,0.0006393425412262991,319,0.02219649148992664,0.021818438307031895,0.020413070036619185,0.021475999944525908,0.0007672878834423472,156
156,79.824059009552,20.90431978811548,0.15270201365152994,0.008240690990116836,225,"[100, 50]",0.009,32,"{'epochs': 225, 'hidden_layers': [100, 50], 'learning_rate': 0.009, 'mini_batch_size': 32}",0.023290508633965867,0.021434343441529613,0.022726815980257387,0.022483889351917623,0.0007770016368367031,55,0.025843382518169977,0.026326020807042383,0.02328513196635451,0.025151511763855623,0.00133435754600273,157
157,42.56686504681905,8.449068625176592,0.18577933311462402,0.022508232331002912,225,"[100, 50]",0.009,42,"{'epochs': 225, 'hidden_layers': [100, 50], 'learning_rate': 0.009, 'mini_batch_size': 42}",0.02109516424202651,0.02033831378853812,0.02061770494084103,0.02068372765713522,0.000312489894808928,241,0.022312101707319565,0.023350095334401355,0.020427912971874185,0.022030036671198367,0.0012095337816469501,158
158,45.47275106112162,3.8673339066824606,0.18049287796020508,0.008155108347381888,225,"[100, 50]",0.009,52,"{'epochs': 225, 'hidden_layers': [100, 50], 'learning_rate': 0.009, 'mini_batch_size': 52}",0.02098177608358265,0.01992631641374809,0.02179599565459578,0.02090136271730884,0.0007654083215386026,211,0.022191766013166858,0.022780267971568735,0.02198027031387262,0.022317434766202737,0.0003384706188105675,159
159,52.77803921699524,1.2730659662157926,0.18413941065470377,0.025540076092851274,225,"[100, 50]",0.009,62,"{'epochs': 225, 'hidden_layers': [100, 50], 'learning_rate': 0.009, 'mini_batch_size': 62}",0.021772782889851072,0.020147028276882084,0.021813936832585257,0.02124458266643947,0.000776269987516439,181,0.02327008202347336,0.023104429930406956,0.022042915019931053,0.022805808991270455,0.0005436699750239567,160
160,199.3675113519033,89.34702547432025,0.20065935452779135,0.012306548005864903,225,"[100, 50, 20]",0.001,32,"{'epochs': 225, 'hidden_layers': [100, 50, 20], 'learning_rate': 0.001, 'mini_batch_size': 32}",0.020374874174590163,0.01813986771147791,0.0234601463907661,0.020658296092278056,0.002181220956848334,247,0.021636541455924196,0.022559904335874736,0.024118913587604762,0.02277178645980123,0.0010244391557874585,161
161,198.2342836856842,69.7303927612413,0.1871029535929362,0.01396353691271811,225,"[100, 50, 20]",0.001,42,"{'epochs': 225, 'hidden_layers': [100, 50, 20], 'learning_rate': 0.001, 'mini_batch_size': 42}",0.021192287241036722,0.01689052771533872,0.022786578474306873,0.02028979781022744,0.0024902100336616963,287,0.022543699456863298,0.021346451026870383,0.023310067271222867,0.022400072584985515,0.0008080506162014382,162
162,247.8532586892446,38.98351411043814,0.21954838434855142,0.024736014880239514,225,"[100, 50, 20]",0.001,52,"{'epochs': 225, 'hidden_layers': [100, 50, 20], 'learning_rate': 0.001, 'mini_batch_size': 52}",0.02174017273743356,0.018579179123564993,0.022004630140655568,0.02077466066721804,0.001556189541994721,229,0.023200674767873686,0.023292702761410156,0.022549717871055863,0.023014365133446568,0.0003306963327424619,163
163,269.3796149889628,24.74240089582637,0.19600907961527506,0.020798511429800146,225,"[100, 50, 20]",0.001,62,"{'epochs': 225, 'hidden_layers': [100, 50, 20], 'learning_rate': 0.001, 'mini_batch_size': 62}",0.021492434416938377,0.01907854767941697,0.021384616346468488,0.020651866147607945,0.0011133745808256574,253,0.023133923231294706,0.023826272735036236,0.021859141090406875,0.022939779018912605,0.0008147272378846199,164
164,115.92265772819519,19.492690440411682,0.22673503557840982,0.0230447303312667,225,"[100, 50, 20]",0.003,32,"{'epochs': 225, 'hidden_layers': [100, 50, 20], 'learning_rate': 0.003, 'mini_batch_size': 32}",0.022339734063694938,0.0206649938798108,0.023461725727267124,0.022155484556924288,0.0011491701838582007,103,0.02342599485080532,0.025338377973589843,0.02401963894699488,0.024261337257130016,0.0007992145548054892,165
165,128.82006827990213,23.34691042570355,0.19957900047302246,0.009341481362923081,225,"[100, 50, 20]",0.003,42,"{'epochs': 225, 'hidden_layers': [100, 50, 20], 'learning_rate': 0.003, 'mini_batch_size': 42}",0.022907065035374652,0.019972239740810194,0.022773029577659365,0.021884111451281402,0.001353004423238968,121,0.024724262303604028,0.02476227776903628,0.023195640449213073,0.02422739350728446,0.0007297246391768844,166
166,128.65582267443338,53.59362838046286,0.1809240182240804,0.012274938379411049,225,"[100, 50, 20]",0.003,52,"{'epochs': 225, 'hidden_layers': [100, 50, 20], 'learning_rate': 0.003, 'mini_batch_size': 52}",0.0209627624225176,0.019304751669961928,0.02394384269362637,0.021403785595368634,0.001919403980528799,163,0.022150908557084015,0.023962218437243776,0.02491623599177939,0.023676454328702395,0.0011468812201117615,167
167,140.82927958170572,32.851491130568995,0.2214829921722412,1.4425145012897832e-05,225,"[100, 50, 20]",0.003,62,"{'epochs': 225, 'hidden_layers': [100, 50, 20], 'learning_rate': 0.003, 'mini_batch_size': 62}",0.022301871038787113,0.01896226945986268,0.023558588801327218,0.02160757643332567,0.0019395998937168971,139,0.02392820868568335,0.0238148451886383,0.02435835371946249,0.02403380253126138,0.00023411240311388106,168
168,143.13955918947855,48.179544922844016,0.2182175318400065,0.00321039389543032,225,"[100, 50, 20]",0.005,32,"{'epochs': 225, 'hidden_layers': [100, 50, 20], 'learning_rate': 0.005, 'mini_batch_size': 32}",0.022363276501552454,0.021453238478878034,0.02615251093522708,0.023323008638552523,0.002034961872835826,13,0.02356245976924054,0.02659165724024748,0.02807971936848863,0.02607794545932555,0.001879598080644413,169
169,137.90543381373087,17.006787218145128,0.2003499666849772,0.02703006529255121,225,"[100, 50, 20]",0.005,42,"{'epochs': 225, 'hidden_layers': [100, 50, 20], 'learning_rate': 0.005, 'mini_batch_size': 42}",0.023580185046351954,0.021004000807358758,0.023535517889988977,0.022706567914566562,0.0012040348429686613,37,0.02524385562365672,0.025890660421382883,0.024697504158427863,0.02527734006782249,0.00048767911099958266,170
170,94.53141800562541,15.06672327604822,0.17297625541687012,0.010571946216047779,225,"[100, 50, 20]",0.005,52,"{'epochs': 225, 'hidden_layers': [100, 50, 20], 'learning_rate': 0.005, 'mini_batch_size': 52}",0.022333555911583813,0.020694591128321393,0.023125389438856114,0.022051178826253775,0.0010122574509034185,115,0.023489180769652784,0.025638948379191673,0.023733233618922545,0.024287120922589,0.0009610648790544127,171
171,102.63423442840576,24.552564035820403,0.22318394978841147,0.02571449697086704,225,"[100, 50, 20]",0.005,62,"{'epochs': 225, 'hidden_layers': [100, 50, 20], 'learning_rate': 0.005, 'mini_batch_size': 62}",0.021833578431540768,0.02023260835694285,0.02358156552832169,0.02188258410560177,0.0013676451052813548,127,0.0229894976022319,0.02512108053437001,0.024633037236245325,0.024247871790949078,0.0009118390809542793,172
172,121.54853598276775,20.631350915013808,0.20743473370869955,0.02462881519357955,225,"[100, 50, 20]",0.009,32,"{'epochs': 225, 'hidden_layers': [100, 50, 20], 'learning_rate': 0.009, 'mini_batch_size': 32}",0.02330846337098491,0.021943415890269158,0.02437375770749539,0.02320854565624982,0.0009946952630254958,19,0.025276754375765265,0.027111142863205595,0.025781253946450033,0.02605638372847363,0.0007737431005317248,173
173,140.07883008321127,30.354279306929364,0.1832758585611979,0.002182988479498593,225,"[100, 50, 20]",0.009,42,"{'epochs': 225, 'hidden_layers': [100, 50, 20], 'learning_rate': 0.009, 'mini_batch_size': 42}",0.023599449903044856,0.021629094425152928,0.025700786436343104,0.02364311025484696,0.001662547969881789,1,0.025764569739426868,0.026242431109884223,0.02751491798101391,0.026507306276775,0.0007387145963240355,174
174,97.69582589467366,10.571334441471759,0.23760342597961426,0.029235762282040213,225,"[100, 50, 20]",0.009,52,"{'epochs': 225, 'hidden_layers': [100, 50, 20], 'learning_rate': 0.009, 'mini_batch_size': 52}",0.02243485943539869,0.021675329659538445,0.023089590980235997,0.022399926691724376,0.0005778979109616492,61,0.02386831901520514,0.026556512068211413,0.02370638251549495,0.024710404532970503,0.001307068126569168,175
175,89.99834855397542,16.61497422691389,0.18773063023885092,0.015901343606654548,225,"[100, 50, 20]",0.009,62,"{'epochs': 225, 'hidden_layers': [100, 50, 20], 'learning_rate': 0.009, 'mini_batch_size': 62}",0.02215423927696103,0.021554171729617377,0.022729265510090357,0.02214589217222292,0.0004797663346843626,109,0.023425590266867524,0.025963213880225045,0.02367430868195164,0.024354370943014736,0.0011421461990361562,176
176,252.45363052686056,17.053689776617357,0.23437102635701498,0.02996061901570764,225,"[80, 60, 40, 20]",0.001,32,"{'epochs': 225, 'hidden_layers': [80, 60, 40, 20], 'learning_rate': 0.001, 'mini_batch_size': 32}",0.02166264534029272,0.01905487266810546,0.022084306055509484,0.020933941354635888,0.0013398068980798857,199,0.023837250055028236,0.025198349450432533,0.024473900217965694,0.024503166574475488,0.0005560517246683708,177
177,256.8311507701874,50.526253965139674,0.23242290814717612,0.009364469375557878,225,"[80, 60, 40, 20]",0.001,42,"{'epochs': 225, 'hidden_layers': [80, 60, 40, 20], 'learning_rate': 0.001, 'mini_batch_size': 42}",0.020829373746781954,0.01846260349680673,0.021779217981292565,0.020357065074960417,0.0013945822602207637,281,0.02297815577136486,0.024272005048867618,0.024241357013894405,0.023830505944708962,0.0006028324471535563,178
178,281.9069736003876,20.482397185689667,0.20784393946329752,0.00299748147877328,225,"[80, 60, 40, 20]",0.001,52,"{'epochs': 225, 'hidden_layers': [80, 60, 40, 20], 'learning_rate': 0.001, 'mini_batch_size': 52}",0.021090367859801895,0.018486953694511254,0.021191942582782675,0.02025642137903194,0.001251889577401406,294,0.02328414858808947,0.024425994690775332,0.023402993536681516,0.02370437893851544,0.0005125608912663741,179
179,304.0549090703328,53.538720615881985,0.2116867701212565,0.005769975742803628,225,"[80, 60, 40, 20]",0.001,62,"{'epochs': 225, 'hidden_layers': [80, 60, 40, 20], 'learning_rate': 0.001, 'mini_batch_size': 62}",0.020687722211167436,0.018412605077303246,0.022072856207732694,0.020391061165401125,0.0015089434309054099,280,0.02269589079918366,0.02422626926581506,0.024185666926504368,0.023702608997167696,0.0007120502253369224,180
180,132.6915898323059,51.093662038020476,0.1946725845336914,0.018246351914156172,225,"[80, 60, 40, 20]",0.003,32,"{'epochs': 225, 'hidden_layers': [80, 60, 40, 20], 'learning_rate': 0.003, 'mini_batch_size': 32}",0.022893998973206653,0.018416950034651047,0.023274025946569687,0.021528324984809128,0.00220553783092685,151,0.0248322057627427,0.023577992943066173,0.026550201684294228,0.024986800130034365,0.0012183132504017863,181
181,178.21260134379068,47.481608564746004,0.2480339209238688,0.011108101504241987,225,"[80, 60, 40, 20]",0.003,42,"{'epochs': 225, 'hidden_layers': [80, 60, 40, 20], 'learning_rate': 0.003, 'mini_batch_size': 42}",0.021363111661542034,0.020911402038309213,0.02329364638900977,0.02185605336295367,0.0010331233154385559,133,0.023745835847875596,0.027758386359555742,0.025657277235096587,0.025720499814175974,0.001638726786883695,182
182,148.32323940594992,63.536956111020324,0.2285304069519043,0.024551888193095145,225,"[80, 60, 40, 20]",0.003,52,"{'epochs': 225, 'hidden_layers': [80, 60, 40, 20], 'learning_rate': 0.003, 'mini_batch_size': 52}",0.022838036684169616,0.016398624888162017,0.022485613664066317,0.020574091745465983,0.0029560044095149314,258,0.025554746748454593,0.02175059889205344,0.024809852962365708,0.02403839953429125,0.0016460539728101764,183
183,148.35638491312662,39.991932951374274,0.24699068069458008,0.018604751677179964,225,"[80, 60, 40, 20]",0.003,62,"{'epochs': 225, 'hidden_layers': [80, 60, 40, 20], 'learning_rate': 0.003, 'mini_batch_size': 62}",0.02244415751166462,0.01807525826774181,0.021811974413663116,0.020777130064356514,0.0019278653603327128,223,0.02493129845412856,0.023871232882118343,0.024308198911392465,0.02437024341587979,0.00043498804170777285,184
184,112.56681712468465,23.893834531756777,0.21972831090291342,0.02642430227771958,225,"[80, 60, 40, 20]",0.005,32,"{'epochs': 225, 'hidden_layers': [80, 60, 40, 20], 'learning_rate': 0.005, 'mini_batch_size': 32}",0.024403458183319127,0.01966663597879048,0.02432641587493356,0.02279883667901439,0.0022150236716843006,31,0.026902866649402335,0.02490155907424052,0.026374589827942163,0.026059671850528338,0.0008468325304623207,185
185,139.82305081685385,42.61274151459122,0.260631004969279,0.017716414565458864,225,"[80, 60, 40, 20]",0.005,42,"{'epochs': 225, 'hidden_layers': [80, 60, 40, 20], 'learning_rate': 0.005, 'mini_batch_size': 42}",0.02334745094866486,0.020596786283943458,0.025026825899564065,0.022990354377390793,0.0018260980659872868,25,0.025454987816100894,0.02642964928417113,0.028149942911144477,0.026678193337138834,0.001114159279688666,186
186,109.36924235026042,45.14291543539316,0.23457137743631998,0.023476827975258685,225,"[80, 60, 40, 20]",0.005,52,"{'epochs': 225, 'hidden_layers': [80, 60, 40, 20], 'learning_rate': 0.005, 'mini_batch_size': 52}",0.022921126506067924,0.01806053615783232,0.023293810901205747,0.02142515785503533,0.0023840068216571535,157,0.025001572787687998,0.023450396303030696,0.026319773998740637,0.02492391436315311,0.0011727049112586828,187
187,95.2737642923991,29.582387042107364,0.211346705754598,0.0038041146151434474,225,"[80, 60, 40, 20]",0.005,62,"{'epochs': 225, 'hidden_layers': [80, 60, 40, 20], 'learning_rate': 0.005, 'mini_batch_size': 62}",0.021627668829154234,0.017740266733924814,0.023402828635381012,0.020923588066153354,0.0023647338275271396,205,0.023807288371884727,0.023061770644221213,0.025462037398518045,0.02411036547154133,0.0010030659397393755,188
188,101.36680134137471,26.890593251705475,0.22541387875874838,0.008092339734830737,225,"[80, 60, 40, 20]",0.009,32,"{'epochs': 225, 'hidden_layers': [80, 60, 40, 20], 'learning_rate': 0.009, 'mini_batch_size': 32}",0.025639923687941102,0.020610067003452137,0.024000388822592922,0.02341679317132872,0.0020944852159509183,7,0.028217722303566117,0.02621028170138917,0.026142979449635173,0.026856994484863488,0.0009625720910547264,189
189,88.7754803498586,21.451046600691928,0.22405767440795898,0.009626923980747458,225,"[80, 60, 40, 20]",0.009,42,"{'epochs': 225, 'hidden_layers': [80, 60, 40, 20], 'learning_rate': 0.009, 'mini_batch_size': 42}",0.02465106869547795,0.019836379034170903,0.023168115954631197,0.022551854561426683,0.002013312810972671,43,0.027385181295979333,0.02560336558210874,0.025236372208518154,0.026074973028868742,0.0009384935842325731,190
190,91.93339268366496,21.94151621774089,0.23969594637552896,0.0004901017480279151,225,"[80, 60, 40, 20]",0.009,52,"{'epochs': 225, 'hidden_layers': [80, 60, 40, 20], 'learning_rate': 0.009, 'mini_batch_size': 52}",0.024136351877969586,0.019359962085664373,0.024046905227287252,0.022514406396973736,0.0022308278524191534,49,0.026675689673395397,0.025106898840648095,0.026378864429071558,0.026053817647705018,0.000680449717361273,191
191,85.60944827397664,35.03919915261737,0.26445770263671875,0.035637160123781125,225,"[80, 60, 40, 20]",0.009,62,"{'epochs': 225, 'hidden_layers': [80, 60, 40, 20], 'learning_rate': 0.009, 'mini_batch_size': 62}",0.022876733515955205,0.0196591561244035,0.024210821695410112,0.022248903778589606,0.0019105047329457485,79,0.024283053865901794,0.024418287033399433,0.027189914052550113,0.025297084983950446,0.0013395704322903348,192
192,462.0169553756714,137.601810195045,1.031867265701294,0.29048196621990247,250,"[200, 100, 50]",0.001,32,"{'epochs': 250, 'hidden_layers': [200, 100, 50], 'learning_rate': 0.001, 'mini_batch_size': 32}",0.019967876710527688,0.018156064790562976,0.02322522059809662,0.020449720699729095,0.0020973340812739964,274,0.02458947669106948,0.02627263555449766,0.027134981624656218,0.025999031290074453,0.0010570535501608646,193
193,397.34393350283307,55.97338729947478,0.6397875944773356,0.0247000871279787,250,"[200, 100, 50]",0.001,42,"{'epochs': 250, 'hidden_layers': [200, 100, 50], 'learning_rate': 0.001, 'mini_batch_size': 42}",0.01950907911977573,0.017036820681024634,0.02217385136219685,0.019573250387665737,0.0020976748268091397,331,0.024237340710982713,0.025182709692513017,0.02509382505921187,0.0248379584875692,0.00042624828810842276,194
194,369.83387509981793,47.459116068154664,0.6157519022623698,0.012522155357973519,250,"[200, 100, 50]",0.001,52,"{'epochs': 250, 'hidden_layers': [200, 100, 50], 'learning_rate': 0.001, 'mini_batch_size': 52}",0.017776653971433465,0.015594326648668333,0.021280972299387524,0.018217317639829773,0.002342380988181931,379,0.02247692316873262,0.02390327538238024,0.02429350080737558,0.023557899786162812,0.000780790969103901,195
195,440.89684295654297,82.45033500889306,0.627095619837443,0.043543122854698545,250,"[200, 100, 50]",0.001,62,"{'epochs': 250, 'hidden_layers': [200, 100, 50], 'learning_rate': 0.001, 'mini_batch_size': 62}",0.01730979847425218,0.017372104406252697,0.02174217505858389,0.018808025979696257,0.002074912627902434,373,0.021883236704057674,0.026089749833074327,0.02456320137566137,0.024178729304264457,0.0017386876768433798,196
196,288.587294737498,99.08621888389,0.5839254856109619,0.030640913827057095,250,"[200, 100, 50]",0.003,32,"{'epochs': 250, 'hidden_layers': [200, 100, 50], 'learning_rate': 0.003, 'mini_batch_size': 32}",0.020377393119317078,0.020364672665438954,0.023289260318354543,0.021343775367703526,0.0013756754031853862,175,0.023708923252368064,0.02936443847893566,0.02755268567879865,0.026875349136700793,0.0023580078757191487,197
197,295.47043975194293,105.3711045209714,0.7058239777882894,0.2207633530604122,250,"[200, 100, 50]",0.003,42,"{'epochs': 250, 'hidden_layers': [200, 100, 50], 'learning_rate': 0.003, 'mini_batch_size': 42}",0.019420606244626715,0.0198367521378342,0.02301420831875245,0.020757188900404455,0.0016049707873163513,235,0.02297172322961616,0.028933522186623484,0.026877036644005536,0.026260760686748392,0.00247259765463548,198
198,317.2416949272156,61.53322504420231,0.5847355524698893,0.003473688400317703,250,"[200, 100, 50]",0.003,52,"{'epochs': 250, 'hidden_layers': [200, 100, 50], 'learning_rate': 0.003, 'mini_batch_size': 52}",0.02093669467182724,0.019016748911934167,0.022999074247382234,0.020984172610381213,0.0016261241004968208,193,0.025379629551569693,0.028058945272296354,0.02703795478652582,0.02682550987013062,0.0011040932372192358,199
199,326.10910177230835,18.463213759495588,0.6070799032847086,0.0777008130610367,250,"[200, 100, 50]",0.003,62,"{'epochs': 250, 'hidden_layers': [200, 100, 50], 'learning_rate': 0.003, 'mini_batch_size': 62}",0.021124484745866257,0.01877394099141394,0.022785009455958072,0.02089447839774609,0.0016455687460463402,217,0.026106011907855997,0.02747010925666782,0.02661241368335865,0.02672951161596082,0.0005630123377118463,200
200,267.5409420331319,34.46969936436903,1.084339698155721,0.6579943398131148,250,"[200, 100, 50]",0.005,32,"{'epochs': 250, 'hidden_layers': [200, 100, 50], 'learning_rate': 0.005, 'mini_batch_size': 32}",0.023459705260265418,0.019463630091294815,0.023641981917015387,0.022188439089525207,0.0019281673946223254,97,0.028077303398274633,0.02763199845541109,0.026340228051571546,0.027349843301752424,0.0007366891420778157,201
201,178.54546864827475,32.15393497300419,0.6602460543314616,0.05979446454362367,250,"[200, 100, 50]",0.005,42,"{'epochs': 250, 'hidden_layers': [200, 100, 50], 'learning_rate': 0.005, 'mini_batch_size': 42}",0.021069025651965445,0.019476117902086254,0.02302208139066686,0.021189074981572853,0.001450120258631694,187,0.024113810869595298,0.026267234663776118,0.025702324927542763,0.025361123486971393,0.0009116367429416951,202
202,294.0782332420349,63.354308165105635,0.6279280185699463,0.013586178399695378,250,"[200, 100, 50]",0.005,52,"{'epochs': 250, 'hidden_layers': [200, 100, 50], 'learning_rate': 0.005, 'mini_batch_size': 52}",0.022297673204898505,0.018958432573822237,0.0234104767250104,0.021555527501243715,0.0018917821342360626,145,0.026561097622003205,0.02685461409421397,0.028114082072750235,0.027176597929655804,0.0006736445001036721,203
203,284.7777695655823,81.02566810392746,0.8887853622436523,0.3160225274479473,250,"[200, 100, 50]",0.005,62,"{'epochs': 250, 'hidden_layers': [200, 100, 50], 'learning_rate': 0.005, 'mini_batch_size': 62}",0.022413600454206595,0.01869418076237439,0.023096097816315497,0.021401293010965494,0.0019343893450174208,169,0.027305381800458495,0.026228243140779317,0.027830860173256755,0.027121495038164856,0.0006670612636566576,204
204,217.4456057548523,52.71817088574364,0.7552164395650228,0.17093993756398776,250,"[200, 100, 50]",0.009,32,"{'epochs': 250, 'hidden_layers': [200, 100, 50], 'learning_rate': 0.009, 'mini_batch_size': 32}",0.02281743915180845,0.019796172071504192,0.02455881816096661,0.022390809794759752,0.0019676058039471487,67,0.025727192380889052,0.029082169807178815,0.027679379678327454,0.02749624728879844,0.001375771659057666,205
205,177.73519627253214,31.230478428258138,0.609192689259847,0.025806117659726565,250,"[200, 100, 50]",0.009,42,"{'epochs': 250, 'hidden_layers': [200, 100, 50], 'learning_rate': 0.009, 'mini_batch_size': 42}",0.02269922973181837,0.02036276231920786,0.024015623821062593,0.022359205290696276,0.001510532302060744,73,0.02536747158750363,0.02710611109773564,0.02707112967104741,0.026514904118762228,0.0008114829985469684,206
206,194.15681958198547,49.799883594103996,0.6145833333333334,0.014169715128372538,250,"[200, 100, 50]",0.009,52,"{'epochs': 250, 'hidden_layers': [200, 100, 50], 'learning_rate': 0.009, 'mini_batch_size': 52}",0.023347364034812634,0.02029248555246188,0.022950318983779416,0.022196722857017976,0.0013562204779422342,91,0.027775265720950126,0.026878981373905986,0.025783233472578826,0.026812493522478314,0.0008146015776351062,207
207,205.17049066225687,56.45125014564184,0.4889220396677653,0.009062755530478733,250,"[200, 100, 50]",0.009,62,"{'epochs': 250, 'hidden_layers': [200, 100, 50], 'learning_rate': 0.009, 'mini_batch_size': 62}",0.02275096145946487,0.020037830795900824,0.023916908306134466,0.022235233520500053,0.0016250727292179427,85,0.02692211258327848,0.02647628341697794,0.02851190305781759,0.027303433019358003,0.0008736859797325898,208
208,96.2226189772288,7.128026711107866,0.204222043355306,0.029725277737761156,250,"[100, 50]",0.001,32,"{'epochs': 250, 'hidden_layers': [100, 50], 'learning_rate': 0.001, 'mini_batch_size': 32}",0.01916248485446237,0.018370410771519352,0.019791493832750806,0.019108129819577508,0.0005814264751985648,367,0.020971700319168507,0.020988076544939283,0.020150196714557755,0.02070332452622185,0.0003911775617456051,209
209,110.98510805765788,13.673490660261452,0.18695791562398276,0.022026681260874738,250,"[100, 50]",0.001,42,"{'epochs': 250, 'hidden_layers': [100, 50], 'learning_rate': 0.001, 'mini_batch_size': 42}",0.01820364525550644,0.019192525397765836,0.020632664949162827,0.0193429452008117,0.000997331023583748,355,0.02004723050954771,0.022081130313082675,0.02095108768104903,0.021026482834559806,0.0008320458419200145,210
210,121.11436700820923,16.895269658390497,0.19883465766906738,0.01998767640148756,250,"[100, 50]",0.001,52,"{'epochs': 250, 'hidden_layers': [100, 50], 'learning_rate': 0.001, 'mini_batch_size': 52}",0.019671522594644553,0.018415461243884823,0.019949992087913482,0.019345658642147618,0.0006675011682743933,349,0.021465264376611115,0.021332067499307827,0.020290162935814426,0.021029164937244455,0.0005253749902809289,211
211,140.24046381314596,21.50711759246257,0.1932682196299235,0.0023440094632100135,250,"[100, 50]",0.001,62,"{'epochs': 250, 'hidden_layers': [100, 50], 'learning_rate': 0.001, 'mini_batch_size': 62}",0.019138320822227328,0.019402589225050892,0.019869746429579616,0.01947021882561928,0.0003024083077865038,343,0.020970755068229985,0.022480629953860354,0.02033032806686308,0.021260571029651138,0.00090145974949037,212
212,63.044851303100586,25.447457354844587,0.182879368464152,0.006242002623764096,250,"[100, 50]",0.003,32,"{'epochs': 250, 'hidden_layers': [100, 50], 'learning_rate': 0.003, 'mini_batch_size': 32}",0.02118326765267453,0.019350219870083007,0.018178477019910266,0.019570654847555935,0.0012365638873257042,337,0.023050506793222958,0.02202875224952694,0.0180531617494486,0.021044140264066164,0.0021556839507170795,213
213,62.14437333742777,6.7685479541467535,0.204483429590861,0.0180483437741885,250,"[100, 50]",0.003,42,"{'epochs': 250, 'hidden_layers': [100, 50], 'learning_rate': 0.003, 'mini_batch_size': 42}",0.020415346357403497,0.018939121354549893,0.0209627168049783,0.02010572817231056,0.0008546469844927466,313,0.02199148463751388,0.02139354174721686,0.021238216682228583,0.021541081022319775,0.0003247347957830033,214
214,64.22673320770264,13.393328638805933,0.19921008745829263,0.0033662469968864764,250,"[100, 50]",0.003,52,"{'epochs': 250, 'hidden_layers': [100, 50], 'learning_rate': 0.003, 'mini_batch_size': 52}",0.020539089527427,0.01822418494419764,0.02106074562487603,0.019941340032166893,0.0012327469240427929,325,0.022193083041358586,0.020694035095794705,0.021260204028987095,0.021382440722046796,0.00061805746368357,215
215,53.47825606664022,3.0835662904457943,0.16245174407958984,0.016704824642319538,250,"[100, 50]",0.003,62,"{'epochs': 250, 'hidden_layers': [100, 50], 'learning_rate': 0.003, 'mini_batch_size': 62}",0.019444207549814796,0.01791443457537345,0.020603175483992264,0.019320605869726837,0.0011011478707574523,361,0.021144499451200227,0.02039062872784836,0.020828217603845567,0.020787781927631383,0.0003090917337565456,216
216,49.22655495007833,11.061768720610276,0.1939700444539388,0.009262983889258553,250,"[100, 50]",0.005,32,"{'epochs': 250, 'hidden_layers': [100, 50], 'learning_rate': 0.005, 'mini_batch_size': 32}",0.020788938637343324,0.020017208913799656,0.019747536967241963,0.020184561506128313,0.0004413120794795277,300,0.021970804305598945,0.02284586210286277,0.019660984247469537,0.02149255021864375,0.0013434798019100888,217
217,60.78444274266561,25.675248442488837,0.1908740202585856,0.027370375613008632,250,"[100, 50]",0.005,42,"{'epochs': 250, 'hidden_layers': [100, 50], 'learning_rate': 0.005, 'mini_batch_size': 42}",0.021531153606061282,0.01978728619721304,0.01907754162043751,0.020131993807903942,0.0010309123618265944,307,0.0234400414673972,0.02240267568371579,0.019150926447494054,0.02166454786620235,0.0018271565194275788,218
218,63.89332151412964,16.055479929554604,0.19501129786173502,0.006385819626176825,250,"[100, 50]",0.005,52,"{'epochs': 250, 'hidden_layers': [100, 50], 'learning_rate': 0.005, 'mini_batch_size': 52}",0.021354779433193305,0.018369465828518727,0.021639351314896693,0.020454532192202907,0.001478934660420451,268,0.023261980992783204,0.02150039473447829,0.021765776013870974,0.02217605058037749,0.0007754742425568838,219
219,48.39819701512655,3.9354982221843935,0.1915756861368815,0.04766967723833888,250,"[100, 50]",0.005,62,"{'epochs': 250, 'hidden_layers': [100, 50], 'learning_rate': 0.005, 'mini_batch_size': 62}",0.020671774457638903,0.019189061501044935,0.020366980344713626,0.020075938767799156,0.0006393425412262991,319,0.02219649148992664,0.021818438307031895,0.020413070036619185,0.021475999944525908,0.0007672878834423472,220
220,78.36464548110962,19.441936245858464,0.18044281005859375,0.03856168267658954,250,"[100, 50]",0.009,32,"{'epochs': 250, 'hidden_layers': [100, 50], 'learning_rate': 0.009, 'mini_batch_size': 32}",0.023290508633965867,0.021434343441529613,0.022726815980257387,0.022483889351917623,0.0007770016368367031,55,0.025843382518169977,0.026326020807042383,0.02328513196635451,0.025151511763855623,0.00133435754600273,221
221,44.55095434188843,11.418138667608618,0.19627094268798828,0.019433608159325492,250,"[100, 50]",0.009,42,"{'epochs': 250, 'hidden_layers': [100, 50], 'learning_rate': 0.009, 'mini_batch_size': 42}",0.02109516424202651,0.02033831378853812,0.02061770494084103,0.02068372765713522,0.000312489894808928,241,0.022312101707319565,0.023350095334401355,0.020427912971874185,0.022030036671198367,0.0012095337816469501,222
222,46.68838429450989,4.956168147536402,0.18709333737691244,0.02313514639822398,250,"[100, 50]",0.009,52,"{'epochs': 250, 'hidden_layers': [100, 50], 'learning_rate': 0.009, 'mini_batch_size': 52}",0.02098177608358265,0.01992631641374809,0.02179599565459578,0.02090136271730884,0.0007654083215386026,211,0.022191766013166858,0.022780267971568735,0.02198027031387262,0.022317434766202737,0.0003384706188105675,223
223,53.108952124913536,3.312081999748272,0.2025005022684733,0.023176406929863603,250,"[100, 50]",0.009,62,"{'epochs': 250, 'hidden_layers': [100, 50], 'learning_rate': 0.009, 'mini_batch_size': 62}",0.021772782889851072,0.020147028276882084,0.021813936832585257,0.02124458266643947,0.000776269987516439,181,0.02327008202347336,0.023104429930406956,0.022042915019931053,0.022805808991270455,0.0005436699750239567,224
224,203.5405983130137,89.42124557911488,0.20452260971069336,0.04808878105917191,250,"[100, 50, 20]",0.001,32,"{'epochs': 250, 'hidden_layers': [100, 50, 20], 'learning_rate': 0.001, 'mini_batch_size': 32}",0.020374874174590163,0.01813986771147791,0.0234601463907661,0.020658296092278056,0.002181220956848334,247,0.021636541455924196,0.022559904335874736,0.024118913587604762,0.02277178645980123,0.0010244391557874585,225
225,202.53090731302896,75.7847335707028,0.19387292861938477,0.005701246486838839,250,"[100, 50, 20]",0.001,42,"{'epochs': 250, 'hidden_layers': [100, 50, 20], 'learning_rate': 0.001, 'mini_batch_size': 42}",0.021192287241036722,0.01689052771533872,0.022786578474306873,0.02028979781022744,0.0024902100336616963,287,0.022543699456863298,0.021346451026870383,0.023310067271222867,0.022400072584985515,0.0008080506162014382,226
226,239.8284000555674,33.371520313548594,0.2085691293080648,0.010158347983842278,250,"[100, 50, 20]",0.001,52,"{'epochs': 250, 'hidden_layers': [100, 50, 20], 'learning_rate': 0.001, 'mini_batch_size': 52}",0.02174017273743356,0.018579179123564993,0.022004630140655568,0.02077466066721804,0.001556189541994721,229,0.023200674767873686,0.023292702761410156,0.022549717871055863,0.023014365133446568,0.0003306963327424619,227
227,269.3830400307973,27.624050804504833,0.18258269627888998,0.008265488318409332,250,"[100, 50, 20]",0.001,62,"{'epochs': 250, 'hidden_layers': [100, 50, 20], 'learning_rate': 0.001, 'mini_batch_size': 62}",0.021492434416938377,0.01907854767941697,0.021384616346468488,0.020651866147607945,0.0011133745808256574,253,0.023133923231294706,0.023826272735036236,0.021859141090406875,0.022939779018912605,0.0008147272378846199,228
228,122.56285103162129,16.33904839628716,0.22540807723999023,0.0311668842324418,250,"[100, 50, 20]",0.003,32,"{'epochs': 250, 'hidden_layers': [100, 50, 20], 'learning_rate': 0.003, 'mini_batch_size': 32}",0.022339734063694938,0.0206649938798108,0.023461725727267124,0.022155484556924288,0.0011491701838582007,103,0.02342599485080532,0.025338377973589843,0.02401963894699488,0.024261337257130016,0.0007992145548054892,229
229,126.81093764305115,21.69056819689266,0.2025123437245687,0.012596163221497633,250,"[100, 50, 20]",0.003,42,"{'epochs': 250, 'hidden_layers': [100, 50, 20], 'learning_rate': 0.003, 'mini_batch_size': 42}",0.022907065035374652,0.019972239740810194,0.022773029577659365,0.021884111451281402,0.001353004423238968,121,0.024724262303604028,0.02476227776903628,0.023195640449213073,0.02422739350728446,0.0007297246391768844,230
230,136.4420666694641,57.39219908396242,0.19103829065958658,0.023615485677022888,250,"[100, 50, 20]",0.003,52,"{'epochs': 250, 'hidden_layers': [100, 50, 20], 'learning_rate': 0.003, 'mini_batch_size': 52}",0.0209627624225176,0.019304751669961928,0.02394384269362637,0.021403785595368634,0.001919403980528799,163,0.022150908557084015,0.023962218437243776,0.02491623599177939,0.023676454328702395,0.0011468812201117615,231
231,141.05627497037253,35.267517931387275,0.21173270543416342,0.014396332557554516,250,"[100, 50, 20]",0.003,62,"{'epochs': 250, 'hidden_layers': [100, 50, 20], 'learning_rate': 0.003, 'mini_batch_size': 62}",0.022301871038787113,0.01896226945986268,0.023558588801327218,0.02160757643332567,0.0019395998937168971,139,0.02392820868568335,0.0238148451886383,0.02435835371946249,0.02403380253126138,0.00023411240311388106,232
232,147.52118333180746,46.76905070354592,0.19119795163472494,0.014172736160968822,250,"[100, 50, 20]",0.005,32,"{'epochs': 250, 'hidden_layers': [100, 50, 20], 'learning_rate': 0.005, 'mini_batch_size': 32}",0.022363276501552454,0.021453238478878034,0.02615251093522708,0.023323008638552523,0.002034961872835826,13,0.02356245976924054,0.02659165724024748,0.02807971936848863,0.02607794545932555,0.001879598080644413,233
233,145.73863172531128,17.831439528007945,0.20252394676208496,0.019249149307750513,250,"[100, 50, 20]",0.005,42,"{'epochs': 250, 'hidden_layers': [100, 50, 20], 'learning_rate': 0.005, 'mini_batch_size': 42}",0.023580185046351954,0.021004000807358758,0.023535517889988977,0.022706567914566562,0.0012040348429686613,37,0.02524385562365672,0.025890660421382883,0.024697504158427863,0.02527734006782249,0.00048767911099958266,234
234,98.62442008654277,19.905786466883107,0.21410290400187174,0.022715443632660325,250,"[100, 50, 20]",0.005,52,"{'epochs': 250, 'hidden_layers': [100, 50, 20], 'learning_rate': 0.005, 'mini_batch_size': 52}",0.022333555911583813,0.020694591128321393,0.023125389438856114,0.022051178826253775,0.0010122574509034185,115,0.023489180769652784,0.025638948379191673,0.023733233618922545,0.024287120922589,0.0009610648790544127,235
235,101.87193830808003,21.502277952004054,0.2079754670461019,0.023088463716471688,250,"[100, 50, 20]",0.005,62,"{'epochs': 250, 'hidden_layers': [100, 50, 20], 'learning_rate': 0.005, 'mini_batch_size': 62}",0.021833578431540768,0.02023260835694285,0.02358156552832169,0.02188258410560177,0.0013676451052813548,127,0.0229894976022319,0.02512108053437001,0.024633037236245325,0.024247871790949078,0.0009118390809542793,236
236,124.25038560231526,22.814321276733175,0.19669620196024576,0.02531731390484382,250,"[100, 50, 20]",0.009,32,"{'epochs': 250, 'hidden_layers': [100, 50, 20], 'learning_rate': 0.009, 'mini_batch_size': 32}",0.02330846337098491,0.021943415890269158,0.02437375770749539,0.02320854565624982,0.0009946952630254958,19,0.025276754375765265,0.027111142863205595,0.025781253946450033,0.02605638372847363,0.0007737431005317248,237
237,139.54121152559915,30.679421267959054,0.20089070002237955,0.02663025364261644,250,"[100, 50, 20]",0.009,42,"{'epochs': 250, 'hidden_layers': [100, 50, 20], 'learning_rate': 0.009, 'mini_batch_size': 42}",0.023599449903044856,0.021629094425152928,0.025700786436343104,0.02364311025484696,0.001662547969881789,1,0.025764569739426868,0.026242431109884223,0.02751491798101391,0.026507306276775,0.0007387145963240355,238
238,99.61845175425212,19.958468758689378,0.21185843149820963,0.038062346928471616,250,"[100, 50, 20]",0.009,52,"{'epochs': 250, 'hidden_layers': [100, 50, 20], 'learning_rate': 0.009, 'mini_batch_size': 52}",0.02243485943539869,0.021675329659538445,0.023089590980235997,0.022399926691724376,0.0005778979109616492,61,0.02386831901520514,0.026556512068211413,0.02370638251549495,0.024710404532970503,0.001307068126569168,239
239,91.10184295972188,11.987497637027872,0.2144463857014974,0.018672249076906237,250,"[100, 50, 20]",0.009,62,"{'epochs': 250, 'hidden_layers': [100, 50, 20], 'learning_rate': 0.009, 'mini_batch_size': 62}",0.02215423927696103,0.021554171729617377,0.022729265510090357,0.02214589217222292,0.0004797663346843626,109,0.023425590266867524,0.025963213880225045,0.02367430868195164,0.024354370943014736,0.0011421461990361562,240
240,273.080642302831,27.27161537204395,0.21603266398111978,0.0033033827652580233,250,"[80, 60, 40, 20]",0.001,32,"{'epochs': 250, 'hidden_layers': [80, 60, 40, 20], 'learning_rate': 0.001, 'mini_batch_size': 32}",0.02166264534029272,0.01905487266810546,0.022084306055509484,0.020933941354635888,0.0013398068980798857,199,0.023837250055028236,0.025198349450432533,0.024473900217965694,0.024503166574475488,0.0005560517246683708,241
241,258.7481853167216,57.70135486978433,0.24508174260457358,0.0020672376478592536,250,"[80, 60, 40, 20]",0.001,42,"{'epochs': 250, 'hidden_layers': [80, 60, 40, 20], 'learning_rate': 0.001, 'mini_batch_size': 42}",0.020829373746781954,0.01846260349680673,0.021779217981292565,0.020357065074960417,0.0013945822602207637,281,0.02297815577136486,0.024272005048867618,0.024241357013894405,0.023830505944708962,0.0006028324471535563,242
242,286.0141297181447,22.764808646488795,0.21939651171366373,0.01774186276009835,250,"[80, 60, 40, 20]",0.001,52,"{'epochs': 250, 'hidden_layers': [80, 60, 40, 20], 'learning_rate': 0.001, 'mini_batch_size': 52}",0.021090367859801895,0.018486953694511254,0.021191942582782675,0.02025642137903194,0.001251889577401406,294,0.02328414858808947,0.024425994690775332,0.023402993536681516,0.02370437893851544,0.0005125608912663741,243
243,321.7458159128825,67.0897400975981,0.20611238479614258,0.009848972281349667,250,"[80, 60, 40, 20]",0.001,62,"{'epochs': 250, 'hidden_layers': [80, 60, 40, 20], 'learning_rate': 0.001, 'mini_batch_size': 62}",0.020687722211167436,0.018412605077303246,0.02232856235768199,0.02047629654871756,0.0016056579053448472,265,0.02269589079918366,0.02422626926581506,0.024588428077344737,0.023836862714114487,0.0008202245360013047,244
244,138.66473134358725,56.54100912666551,0.2139580249786377,0.014900288069258355,250,"[80, 60, 40, 20]",0.003,32,"{'epochs': 250, 'hidden_layers': [80, 60, 40, 20], 'learning_rate': 0.003, 'mini_batch_size': 32}",0.022893998973206653,0.018416950034651047,0.023274025946569687,0.021528324984809128,0.00220553783092685,151,0.0248322057627427,0.023577992943066173,0.026550201684294228,0.024986800130034365,0.0012183132504017863,245
245,177.30673893292746,42.6723002821168,0.2310612996419271,0.0067730485241998175,250,"[80, 60, 40, 20]",0.003,42,"{'epochs': 250, 'hidden_layers': [80, 60, 40, 20], 'learning_rate': 0.003, 'mini_batch_size': 42}",0.021363111661542034,0.020911402038309213,0.02329364638900977,0.02185605336295367,0.0010331233154385559,133,0.023745835847875596,0.027758386359555742,0.025657277235096587,0.025720499814175974,0.001638726786883695,246
246,153.1198105017344,65.77411039795855,0.24003998438517252,0.0161108142537954,250,"[80, 60, 40, 20]",0.003,52,"{'epochs': 250, 'hidden_layers': [80, 60, 40, 20], 'learning_rate': 0.003, 'mini_batch_size': 52}",0.022838036684169616,0.016398624888162017,0.022485613664066317,0.020574091745465983,0.0029560044095149314,258,0.025554746748454593,0.02175059889205344,0.024809852962365708,0.02403839953429125,0.0016460539728101764,247
247,151.6009634335836,42.92471944285083,0.20018720626831055,0.01977026016863302,250,"[80, 60, 40, 20]",0.003,62,"{'epochs': 250, 'hidden_layers': [80, 60, 40, 20], 'learning_rate': 0.003, 'mini_batch_size': 62}",0.02244415751166462,0.01807525826774181,0.021811974413663116,0.020777130064356514,0.0019278653603327128,223,0.02493129845412856,0.023871232882118343,0.024308198911392465,0.02437024341587979,0.00043498804170777285,248
248,115.55468225479126,27.78630082378219,0.2238918940226237,0.04041927497114486,250,"[80, 60, 40, 20]",0.005,32,"{'epochs': 250, 'hidden_layers': [80, 60, 40, 20], 'learning_rate': 0.005, 'mini_batch_size': 32}",0.024403458183319127,0.01966663597879048,0.02432641587493356,0.02279883667901439,0.0022150236716843006,31,0.026902866649402335,0.02490155907424052,0.026374589827942163,0.026059671850528338,0.0008468325304623207,249
249,142.20346728960672,43.5650057361422,0.2393653392791748,0.020745199568511893,250,"[80, 60, 40, 20]",0.005,42,"{'epochs': 250, 'hidden_layers': [80, 60, 40, 20], 'learning_rate': 0.005, 'mini_batch_size': 42}",0.02334745094866486,0.020596786283943458,0.025026825899564065,0.022990354377390793,0.0018260980659872868,25,0.025454987816100894,0.02642964928417113,0.028149942911144477,0.026678193337138834,0.001114159279688666,250
250,109.71422402064006,40.26095016931182,0.20079763730367026,0.019624571173331867,250,"[80, 60, 40, 20]",0.005,52,"{'epochs': 250, 'hidden_layers': [80, 60, 40, 20], 'learning_rate': 0.005, 'mini_batch_size': 52}",0.022921126506067924,0.01806053615783232,0.023293810901205747,0.02142515785503533,0.0023840068216571535,157,0.025001572787687998,0.023450396303030696,0.026319773998740637,0.02492391436315311,0.0011727049112586828,251
251,97.57371401786804,31.51414863008175,0.2481993039449056,0.011117807753290547,250,"[80, 60, 40, 20]",0.005,62,"{'epochs': 250, 'hidden_layers': [80, 60, 40, 20], 'learning_rate': 0.005, 'mini_batch_size': 62}",0.021627668829154234,0.017740266733924814,0.023402828635381012,0.020923588066153354,0.0023647338275271396,205,0.023807288371884727,0.023061770644221213,0.025462037398518045,0.02411036547154133,0.0010030659397393755,252
252,101.40044784545898,25.784680722528087,0.24460593859354654,0.024540560029747017,250,"[80, 60, 40, 20]",0.009,32,"{'epochs': 250, 'hidden_layers': [80, 60, 40, 20], 'learning_rate': 0.009, 'mini_batch_size': 32}",0.025639923687941102,0.020610067003452137,0.024000388822592922,0.02341679317132872,0.0020944852159509183,7,0.028217722303566117,0.02621028170138917,0.026142979449635173,0.026856994484863488,0.0009625720910547264,253
253,91.21409455935161,22.626843529474545,0.20714521408081055,0.02663754664649855,250,"[80, 60, 40, 20]",0.009,42,"{'epochs': 250, 'hidden_layers': [80, 60, 40, 20], 'learning_rate': 0.009, 'mini_batch_size': 42}",0.02465106869547795,0.019836379034170903,0.023168115954631197,0.022551854561426683,0.002013312810972671,43,0.027385181295979333,0.02560336558210874,0.025236372208518154,0.026074973028868742,0.0009384935842325731,254
254,90.93140053749084,22.880798347026715,0.23182503382364908,0.023607727538926416,250,"[80, 60, 40, 20]",0.009,52,"{'epochs': 250, 'hidden_layers': [80, 60, 40, 20], 'learning_rate': 0.009, 'mini_batch_size': 52}",0.024136351877969586,0.019359962085664373,0.024046905227287252,0.022514406396973736,0.0022308278524191534,49,0.026675689673395397,0.025106898840648095,0.026378864429071558,0.026053817647705018,0.000680449717361273,255
255,86.78231461842854,37.79722802313052,0.24920256932576498,0.023640623381229856,250,"[80, 60, 40, 20]",0.009,62,"{'epochs': 250, 'hidden_layers': [80, 60, 40, 20], 'learning_rate': 0.009, 'mini_batch_size': 62}",0.022876733515955205,0.0196591561244035,0.024210821695410112,0.022248903778589606,0.0019105047329457485,79,0.024283053865901794,0.024418287033399433,0.027189914052550113,0.025297084983950446,0.0013395704322903348,256
256,452.3444667657216,134.4614724137749,0.6341415246327718,0.04784769724486176,275,"[200, 100, 50]",0.001,32,"{'epochs': 275, 'hidden_layers': [200, 100, 50], 'learning_rate': 0.001, 'mini_batch_size': 32}",0.019967876710527688,0.018156064790562976,0.02322522059809662,0.020449720699729095,0.0020973340812739964,274,0.02458947669106948,0.02627263555449766,0.027134981624656218,0.025999031290074453,0.0010570535501608646,257
257,395.3294939994812,41.977916967537695,0.5948780377705892,0.049954567318799596,275,"[200, 100, 50]",0.001,42,"{'epochs': 275, 'hidden_layers': [200, 100, 50], 'learning_rate': 0.001, 'mini_batch_size': 42}",0.01950907911977573,0.017036820681024634,0.02217385136219685,0.019573250387665737,0.0020976748268091397,331,0.024237340710982713,0.025182709692513017,0.02509382505921187,0.0248379584875692,0.00042624828810842276,258
258,361.32572770118713,49.193565330291825,0.5936115582784017,0.018496007405450564,275,"[200, 100, 50]",0.001,52,"{'epochs': 275, 'hidden_layers': [200, 100, 50], 'learning_rate': 0.001, 'mini_batch_size': 52}",0.017776653971433465,0.015594326648668333,0.021280972299387524,0.018217317639829773,0.002342380988181931,379,0.02247692316873262,0.02390327538238024,0.02429350080737558,0.023557899786162812,0.000780790969103901,259
259,434.133354028066,91.24387993113012,0.6397217114766439,0.014884997133492757,275,"[200, 100, 50]",0.001,62,"{'epochs': 275, 'hidden_layers': [200, 100, 50], 'learning_rate': 0.001, 'mini_batch_size': 62}",0.01730979847425218,0.017372104406252697,0.02174217505858389,0.018808025979696257,0.002074912627902434,373,0.021883236704057674,0.026089749833074327,0.02456320137566137,0.024178729304264457,0.0017386876768433798,260
260,275.95020365715027,94.45164480716862,0.6157237688700358,0.03242871365822366,275,"[200, 100, 50]",0.003,32,"{'epochs': 275, 'hidden_layers': [200, 100, 50], 'learning_rate': 0.003, 'mini_batch_size': 32}",0.020377393119317078,0.020364672665438954,0.023289260318354543,0.021343775367703526,0.0013756754031853862,175,0.023708923252368064,0.02936443847893566,0.02755268567879865,0.026875349136700793,0.0023580078757191487,261
261,285.44042078653973,98.40842727067208,0.5514097213745117,0.021732841854773755,275,"[200, 100, 50]",0.003,42,"{'epochs': 275, 'hidden_layers': [200, 100, 50], 'learning_rate': 0.003, 'mini_batch_size': 42}",0.019420606244626715,0.0198367521378342,0.02301420831875245,0.020757188900404455,0.0016049707873163513,235,0.02297172322961616,0.028933522186623484,0.026877036644005536,0.026260760686748392,0.00247259765463548,262
262,307.80135560035706,56.02819106599355,0.5882749557495117,0.06394181319712934,275,"[200, 100, 50]",0.003,52,"{'epochs': 275, 'hidden_layers': [200, 100, 50], 'learning_rate': 0.003, 'mini_batch_size': 52}",0.02093669467182724,0.019016748911934167,0.022999074247382234,0.020984172610381213,0.0016261241004968208,193,0.025379629551569693,0.028058945272296354,0.02703795478652582,0.02682550987013062,0.0011040932372192358,263
263,319.23438278834027,25.1851745197162,0.6022813320159912,0.04809174401654704,275,"[200, 100, 50]",0.003,62,"{'epochs': 275, 'hidden_layers': [200, 100, 50], 'learning_rate': 0.003, 'mini_batch_size': 62}",0.021124484745866257,0.01877394099141394,0.022785009455958072,0.02089447839774609,0.0016455687460463402,217,0.026106011907855997,0.02747010925666782,0.02661241368335865,0.02672951161596082,0.0005630123377118463,264
264,264.8235397338867,36.68333402928257,0.6448246637980143,0.01828458336170376,275,"[200, 100, 50]",0.005,32,"{'epochs': 275, 'hidden_layers': [200, 100, 50], 'learning_rate': 0.005, 'mini_batch_size': 32}",0.023459705260265418,0.019463630091294815,0.023641981917015387,0.022188439089525207,0.0019281673946223254,97,0.028077303398274633,0.02763199845541109,0.026340228051571546,0.027349843301752424,0.0007366891420778157,265
265,170.86440316836038,25.68440237793938,0.6562642256418864,0.08649210147043888,275,"[200, 100, 50]",0.005,42,"{'epochs': 275, 'hidden_layers': [200, 100, 50], 'learning_rate': 0.005, 'mini_batch_size': 42}",0.021069025651965445,0.019476117902086254,0.02302208139066686,0.021189074981572853,0.001450120258631694,187,0.024113810869595298,0.026267234663776118,0.025702324927542763,0.025361123486971393,0.0009116367429416951,266
266,282.5670163631439,64.30059172393912,0.9381773471832275,0.4726193203401383,275,"[200, 100, 50]",0.005,52,"{'epochs': 275, 'hidden_layers': [200, 100, 50], 'learning_rate': 0.005, 'mini_batch_size': 52}",0.022297673204898505,0.018958432573822237,0.0234104767250104,0.021555527501243715,0.0018917821342360626,145,0.026561097622003205,0.02685461409421397,0.028114082072750235,0.027176597929655804,0.0006736445001036721,267
267,280.38208707173663,76.83122669348234,0.8982469240824381,0.5054672655043964,275,"[200, 100, 50]",0.005,62,"{'epochs': 275, 'hidden_layers': [200, 100, 50], 'learning_rate': 0.005, 'mini_batch_size': 62}",0.022413600454206595,0.01869418076237439,0.023096097816315497,0.021401293010965494,0.0019343893450174208,169,0.027305381800458495,0.026228243140779317,0.027830860173256755,0.027121495038164856,0.0006670612636566576,268
268,209.12528808911642,50.478779779022155,0.5782295068105062,0.04111422385925991,275,"[200, 100, 50]",0.009,32,"{'epochs': 275, 'hidden_layers': [200, 100, 50], 'learning_rate': 0.009, 'mini_batch_size': 32}",0.02281743915180845,0.019796172071504192,0.02455881816096661,0.022390809794759752,0.0019676058039471487,67,0.025727192380889052,0.029082169807178815,0.027679379678327454,0.02749624728879844,0.001375771659057666,269
269,170.3476063410441,27.773931266534937,0.6266619364420573,0.03937129189708997,275,"[200, 100, 50]",0.009,42,"{'epochs': 275, 'hidden_layers': [200, 100, 50], 'learning_rate': 0.009, 'mini_batch_size': 42}",0.02269922973181837,0.02036276231920786,0.024015623821062593,0.022359205290696276,0.001510532302060744,73,0.02536747158750363,0.02710611109773564,0.02707112967104741,0.026514904118762228,0.0008114829985469684,270
270,191.56255571047464,45.92256499541157,0.6390010515848795,0.06526053201243467,275,"[200, 100, 50]",0.009,52,"{'epochs': 275, 'hidden_layers': [200, 100, 50], 'learning_rate': 0.009, 'mini_batch_size': 52}",0.023347364034812634,0.02029248555246188,0.022950318983779416,0.022196722857017976,0.0013562204779422342,91,0.027775265720950126,0.026878981373905986,0.025783233472578826,0.026812493522478314,0.0008146015776351062,271
271,203.17886757850647,55.98372219396824,0.5347927411397299,0.03186760677428207,275,"[200, 100, 50]",0.009,62,"{'epochs': 275, 'hidden_layers': [200, 100, 50], 'learning_rate': 0.009, 'mini_batch_size': 62}",0.02275096145946487,0.020037830795900824,0.023916908306134466,0.022235233520500053,0.0016250727292179427,85,0.02692211258327848,0.02647628341697794,0.02851190305781759,0.027303433019358003,0.0008736859797325898,272
272,97.05428886413574,8.162201215075111,0.18865672747294107,0.0140103549474346,275,"[100, 50]",0.001,32,"{'epochs': 275, 'hidden_layers': [100, 50], 'learning_rate': 0.001, 'mini_batch_size': 32}",0.01916248485446237,0.018370410771519352,0.019791493832750806,0.019108129819577508,0.0005814264751985648,367,0.020971700319168507,0.020988076544939283,0.020150196714557755,0.02070332452622185,0.0003911775617456051,273
273,110.78864757219951,13.101303264360993,0.18403522173563638,0.019004696378597162,275,"[100, 50]",0.001,42,"{'epochs': 275, 'hidden_layers': [100, 50], 'learning_rate': 0.001, 'mini_batch_size': 42}",0.01820364525550644,0.019192525397765836,0.020632664949162827,0.0193429452008117,0.000997331023583748,355,0.02004723050954771,0.022081130313082675,0.02095108768104903,0.021026482834559806,0.0008320458419200145,274
274,121.01308004061381,12.87152630712084,0.2107560634613037,0.022361500692479084,275,"[100, 50]",0.001,52,"{'epochs': 275, 'hidden_layers': [100, 50], 'learning_rate': 0.001, 'mini_batch_size': 52}",0.019671522594644553,0.018415461243884823,0.019949992087913482,0.019345658642147618,0.0006675011682743933,349,0.021465264376611115,0.021332067499307827,0.020290162935814426,0.021029164937244455,0.0005253749902809289,275
275,139.79668712615967,25.076572107293178,0.18861897786458334,0.0169350486324508,275,"[100, 50]",0.001,62,"{'epochs': 275, 'hidden_layers': [100, 50], 'learning_rate': 0.001, 'mini_batch_size': 62}",0.019138320822227328,0.019402589225050892,0.019869746429579616,0.01947021882561928,0.0003024083077865038,343,0.020970755068229985,0.022480629953860354,0.02033032806686308,0.021260571029651138,0.00090145974949037,276
276,63.66516407330831,24.889227739057198,0.2081451416015625,0.005774000661856003,275,"[100, 50]",0.003,32,"{'epochs': 275, 'hidden_layers': [100, 50], 'learning_rate': 0.003, 'mini_batch_size': 32}",0.02118326765267453,0.019350219870083007,0.018178477019910266,0.019570654847555935,0.0012365638873257042,337,0.023050506793222958,0.02202875224952694,0.0180531617494486,0.021044140264066164,0.0021556839507170795,277
277,62.85549338658651,4.546256254509328,0.1854722499847412,0.029917513325492685,275,"[100, 50]",0.003,42,"{'epochs': 275, 'hidden_layers': [100, 50], 'learning_rate': 0.003, 'mini_batch_size': 42}",0.020415346357403497,0.018939121354549893,0.0209627168049783,0.02010572817231056,0.0008546469844927466,313,0.02199148463751388,0.02139354174721686,0.021238216682228583,0.021541081022319775,0.0003247347957830033,278
278,64.92093396186829,12.346436480382591,0.18543235460917154,0.01624113791611009,275,"[100, 50]",0.003,52,"{'epochs': 275, 'hidden_layers': [100, 50], 'learning_rate': 0.003, 'mini_batch_size': 52}",0.020539089527427,0.01822418494419764,0.02106074562487603,0.019941340032166893,0.0012327469240427929,325,0.022193083041358586,0.020694035095794705,0.021260204028987095,0.021382440722046796,0.00061805746368357,279
279,53.44446531931559,2.8394055071508224,0.1610393524169922,0.007969596416335295,275,"[100, 50]",0.003,62,"{'epochs': 275, 'hidden_layers': [100, 50], 'learning_rate': 0.003, 'mini_batch_size': 62}",0.019444207549814796,0.01791443457537345,0.020603175483992264,0.019320605869726837,0.0011011478707574523,361,0.021144499451200227,0.02039062872784836,0.020828217603845567,0.020787781927631383,0.0003090917337565456,280
280,49.17208687464396,10.433158586083023,0.16868090629577637,0.004303882825090623,275,"[100, 50]",0.005,32,"{'epochs': 275, 'hidden_layers': [100, 50], 'learning_rate': 0.005, 'mini_batch_size': 32}",0.020788938637343324,0.020017208913799656,0.019747536967241963,0.020184561506128313,0.0004413120794795277,300,0.021970804305598945,0.02284586210286277,0.019660984247469537,0.02149255021864375,0.0013434798019100888,281
281,57.91965182622274,23.38439212794417,0.17301789919535318,0.0055679891118874175,275,"[100, 50]",0.005,42,"{'epochs': 275, 'hidden_layers': [100, 50], 'learning_rate': 0.005, 'mini_batch_size': 42}",0.021531153606061282,0.01978728619721304,0.01907754162043751,0.020131993807903942,0.0010309123618265944,307,0.0234400414673972,0.02240267568371579,0.019150926447494054,0.02166454786620235,0.0018271565194275788,282
282,63.721525033315025,14.5808010555901,0.17393000920613608,0.005220853822914061,275,"[100, 50]",0.005,52,"{'epochs': 275, 'hidden_layers': [100, 50], 'learning_rate': 0.005, 'mini_batch_size': 52}",0.021354779433193305,0.018369465828518727,0.021639351314896693,0.020454532192202907,0.001478934660420451,268,0.023261980992783204,0.02150039473447829,0.021765776013870974,0.02217605058037749,0.0007754742425568838,283
283,47.72192796071371,3.456821958122018,0.160723606745402,0.0166447587908498,275,"[100, 50]",0.005,62,"{'epochs': 275, 'hidden_layers': [100, 50], 'learning_rate': 0.005, 'mini_batch_size': 62}",0.020671774457638903,0.019189061501044935,0.020366980344713626,0.020075938767799156,0.0006393425412262991,319,0.02219649148992664,0.021818438307031895,0.020413070036619185,0.021475999944525908,0.0007672878834423472,284
284,79.83924110730489,21.57523511296173,0.17151792844136557,0.013369152026960254,275,"[100, 50]",0.009,32,"{'epochs': 275, 'hidden_layers': [100, 50], 'learning_rate': 0.009, 'mini_batch_size': 32}",0.023290508633965867,0.021434343441529613,0.022726815980257387,0.022483889351917623,0.0007770016368367031,55,0.025843382518169977,0.026326020807042383,0.02328513196635451,0.025151511763855623,0.00133435754600273,285
285,45.654895623524986,11.017159741485582,0.18465518951416016,0.004525891294228227,275,"[100, 50]",0.009,42,"{'epochs': 275, 'hidden_layers': [100, 50], 'learning_rate': 0.009, 'mini_batch_size': 42}",0.02109516424202651,0.02033831378853812,0.02061770494084103,0.02068372765713522,0.000312489894808928,241,0.022312101707319565,0.023350095334401355,0.020427912971874185,0.022030036671198367,0.0012095337816469501,286
286,46.5848802725474,4.8533181732284785,0.17676099141438803,0.009387416478744862,275,"[100, 50]",0.009,52,"{'epochs': 275, 'hidden_layers': [100, 50], 'learning_rate': 0.009, 'mini_batch_size': 52}",0.02098177608358265,0.01992631641374809,0.02179599565459578,0.02090136271730884,0.0007654083215386026,211,0.022191766013166858,0.022780267971568735,0.02198027031387262,0.022317434766202737,0.0003384706188105675,287
287,56.04749528566996,4.7894873818120915,0.17857027053833008,0.013992266931855813,275,"[100, 50]",0.009,62,"{'epochs': 275, 'hidden_layers': [100, 50], 'learning_rate': 0.009, 'mini_batch_size': 62}",0.021772782889851072,0.020147028276882084,0.021813936832585257,0.02124458266643947,0.000776269987516439,181,0.02327008202347336,0.023104429930406956,0.022042915019931053,0.022805808991270455,0.0005436699750239567,288
288,191.06394759813944,86.14836734212379,0.19546095530192056,0.019114460923860398,275,"[100, 50, 20]",0.001,32,"{'epochs': 275, 'hidden_layers': [100, 50, 20], 'learning_rate': 0.001, 'mini_batch_size': 32}",0.020374874174590163,0.01813986771147791,0.0234601463907661,0.020658296092278056,0.002181220956848334,247,0.021636541455924196,0.022559904335874736,0.024118913587604762,0.02277178645980123,0.0010244391557874585,289
289,203.8044184843699,66.35700629017683,0.20531034469604492,0.025531779000841272,275,"[100, 50, 20]",0.001,42,"{'epochs': 275, 'hidden_layers': [100, 50, 20], 'learning_rate': 0.001, 'mini_batch_size': 42}",0.021192287241036722,0.01689052771533872,0.022786578474306873,0.02028979781022744,0.0024902100336616963,287,0.022543699456863298,0.021346451026870383,0.023310067271222867,0.022400072584985515,0.0008080506162014382,290
290,250.3335566520691,33.513811570548995,0.21193838119506836,0.01090068800458702,275,"[100, 50, 20]",0.001,52,"{'epochs': 275, 'hidden_layers': [100, 50, 20], 'learning_rate': 0.001, 'mini_batch_size': 52}",0.02174017273743356,0.018579179123564993,0.022004630140655568,0.02077466066721804,0.001556189541994721,229,0.023200674767873686,0.023292702761410156,0.022549717871055863,0.023014365133446568,0.0003306963327424619,291
291,272.5136253833771,18.38082165150472,0.19202192624409994,0.008271284188005703,275,"[100, 50, 20]",0.001,62,"{'epochs': 275, 'hidden_layers': [100, 50, 20], 'learning_rate': 0.001, 'mini_batch_size': 62}",0.021492434416938377,0.01907854767941697,0.021384616346468488,0.020651866147607945,0.0011133745808256574,253,0.023133923231294706,0.023826272735036236,0.021859141090406875,0.022939779018912605,0.0008147272378846199,292
292,119.6325740814209,18.02356508223335,0.1906893253326416,0.015908676907677218,275,"[100, 50, 20]",0.003,32,"{'epochs': 275, 'hidden_layers': [100, 50, 20], 'learning_rate': 0.003, 'mini_batch_size': 32}",0.022339734063694938,0.0206649938798108,0.023461725727267124,0.022155484556924288,0.0011491701838582007,103,0.02342599485080532,0.025338377973589843,0.02401963894699488,0.024261337257130016,0.0007992145548054892,293
293,128.16010165214539,23.540330562784746,0.195802370707194,0.014644725857199956,275,"[100, 50, 20]",0.003,42,"{'epochs': 275, 'hidden_layers': [100, 50, 20], 'learning_rate': 0.003, 'mini_batch_size': 42}",0.022907065035374652,0.019972239740810194,0.022773029577659365,0.021884111451281402,0.001353004423238968,121,0.024724262303604028,0.02476227776903628,0.023195640449213073,0.02422739350728446,0.0007297246391768844,294
294,126.06190800666809,49.19290539920607,0.19015773137410483,0.014905618375258741,275,"[100, 50, 20]",0.003,52,"{'epochs': 275, 'hidden_layers': [100, 50, 20], 'learning_rate': 0.003, 'mini_batch_size': 52}",0.0209627624225176,0.019304751669961928,0.02394384269362637,0.021403785595368634,0.001919403980528799,163,0.022150908557084015,0.023962218437243776,0.02491623599177939,0.023676454328702395,0.0011468812201117615,295
295,145.19109495480856,31.98733606633926,0.17570209503173828,0.008206554817442282,275,"[100, 50, 20]",0.003,62,"{'epochs': 275, 'hidden_layers': [100, 50, 20], 'learning_rate': 0.003, 'mini_batch_size': 62}",0.022301871038787113,0.01896226945986268,0.023558588801327218,0.02160757643332567,0.0019395998937168971,139,0.02392820868568335,0.0238148451886383,0.02435835371946249,0.02403380253126138,0.00023411240311388106,296
296,149.75955764452615,46.04871367208388,0.19199275970458984,0.026055586395308042,275,"[100, 50, 20]",0.005,32,"{'epochs': 275, 'hidden_layers': [100, 50, 20], 'learning_rate': 0.005, 'mini_batch_size': 32}",0.022363276501552454,0.021453238478878034,0.02615251093522708,0.023323008638552523,0.002034961872835826,13,0.02356245976924054,0.02659165724024748,0.02807971936848863,0.02607794545932555,0.001879598080644413,297
297,133.76515237490335,20.43267922525421,0.19761856396993002,0.03843228024607539,275,"[100, 50, 20]",0.005,42,"{'epochs': 275, 'hidden_layers': [100, 50, 20], 'learning_rate': 0.005, 'mini_batch_size': 42}",0.023580185046351954,0.021004000807358758,0.023535517889988977,0.022706567914566562,0.0012040348429686613,37,0.02524385562365672,0.025890660421382883,0.024697504158427863,0.02527734006782249,0.00048767911099958266,298
298,94.50174180666606,12.770516242083609,0.19788789749145508,0.0034357213250581936,275,"[100, 50, 20]",0.005,52,"{'epochs': 275, 'hidden_layers': [100, 50, 20], 'learning_rate': 0.005, 'mini_batch_size': 52}",0.022333555911583813,0.020694591128321393,0.023125389438856114,0.022051178826253775,0.0010122574509034185,115,0.023489180769652784,0.025638948379191673,0.023733233618922545,0.024287120922589,0.0009610648790544127,299
299,105.11483502388,24.79929006991695,0.21007458368937174,0.03198458076328087,275,"[100, 50, 20]",0.005,62,"{'epochs': 275, 'hidden_layers': [100, 50, 20], 'learning_rate': 0.005, 'mini_batch_size': 62}",0.021833578431540768,0.02023260835694285,0.02358156552832169,0.02188258410560177,0.0013676451052813548,127,0.0229894976022319,0.02512108053437001,0.024633037236245325,0.024247871790949078,0.0009118390809542793,300
300,118.91436115900676,20.76575618090771,0.18261361122131348,0.010013007490107063,275,"[100, 50, 20]",0.009,32,"{'epochs': 275, 'hidden_layers': [100, 50, 20], 'learning_rate': 0.009, 'mini_batch_size': 32}",0.02330846337098491,0.021943415890269158,0.02437375770749539,0.02320854565624982,0.0009946952630254958,19,0.025276754375765265,0.027111142863205595,0.025781253946450033,0.02605638372847363,0.0007737431005317248,301
301,138.68872499465942,28.482997515206613,0.21774625778198242,0.021029497633454866,275,"[100, 50, 20]",0.009,42,"{'epochs': 275, 'hidden_layers': [100, 50, 20], 'learning_rate': 0.009, 'mini_batch_size': 42}",0.023599449903044856,0.021629094425152928,0.025700786436343104,0.02364311025484696,0.001662547969881789,1,0.025764569739426868,0.026242431109884223,0.02751491798101391,0.026507306276775,0.0007387145963240355,302
302,96.13019506136577,12.459899091426587,0.2021345297495524,0.023351371285045424,275,"[100, 50, 20]",0.009,52,"{'epochs': 275, 'hidden_layers': [100, 50, 20], 'learning_rate': 0.009, 'mini_batch_size': 52}",0.02243485943539869,0.021675329659538445,0.023089590980235997,0.022399926691724376,0.0005778979109616492,61,0.02386831901520514,0.026556512068211413,0.02370638251549495,0.024710404532970503,0.001307068126569168,303
303,89.90771667162578,14.139131109158386,0.2000549634297689,0.010123708864018224,275,"[100, 50, 20]",0.009,62,"{'epochs': 275, 'hidden_layers': [100, 50, 20], 'learning_rate': 0.009, 'mini_batch_size': 62}",0.02215423927696103,0.021554171729617377,0.022729265510090357,0.02214589217222292,0.0004797663346843626,109,0.023425590266867524,0.025963213880225045,0.02367430868195164,0.024354370943014736,0.0011421461990361562,304
304,262.07762424151105,11.269546203422898,0.23533829053243002,0.027309123492449072,275,"[80, 60, 40, 20]",0.001,32,"{'epochs': 275, 'hidden_layers': [80, 60, 40, 20], 'learning_rate': 0.001, 'mini_batch_size': 32}",0.02166264534029272,0.01905487266810546,0.022084306055509484,0.020933941354635888,0.0013398068980798857,199,0.023837250055028236,0.025198349450432533,0.024473900217965694,0.024503166574475488,0.0005560517246683708,305
305,254.83417177200317,58.60159703203903,0.21381831169128418,0.0023543295914485096,275,"[80, 60, 40, 20]",0.001,42,"{'epochs': 275, 'hidden_layers': [80, 60, 40, 20], 'learning_rate': 0.001, 'mini_batch_size': 42}",0.020829373746781954,0.01846260349680673,0.021779217981292565,0.020357065074960417,0.0013945822602207637,281,0.02297815577136486,0.024272005048867618,0.024241357013894405,0.023830505944708962,0.0006028324471535563,306
306,286.3894070784251,14.486608385966129,0.2299799919128418,0.017385709857521518,275,"[80, 60, 40, 20]",0.001,52,"{'epochs': 275, 'hidden_layers': [80, 60, 40, 20], 'learning_rate': 0.001, 'mini_batch_size': 52}",0.021090367859801895,0.018486953694511254,0.021191942582782675,0.02025642137903194,0.001251889577401406,294,0.02328414858808947,0.024425994690775332,0.023402993536681516,0.02370437893851544,0.0005125608912663741,307
307,327.04871400197345,75.97838592705477,0.23093064626057944,0.012280087917711577,275,"[80, 60, 40, 20]",0.001,62,"{'epochs': 275, 'hidden_layers': [80, 60, 40, 20], 'learning_rate': 0.001, 'mini_batch_size': 62}",0.020687722211167436,0.018412605077303246,0.02232856235768199,0.02047629654871756,0.0016056579053448472,265,0.02269589079918366,0.02422626926581506,0.024588428077344737,0.023836862714114487,0.0008202245360013047,308
308,134.51837960879007,53.63618673345224,0.21514026323954263,0.004251506100198561,275,"[80, 60, 40, 20]",0.003,32,"{'epochs': 275, 'hidden_layers': [80, 60, 40, 20], 'learning_rate': 0.003, 'mini_batch_size': 32}",0.022893998973206653,0.018416950034651047,0.023274025946569687,0.021528324984809128,0.00220553783092685,151,0.0248322057627427,0.023577992943066173,0.026550201684294228,0.024986800130034365,0.0012183132504017863,309
309,176.05665175120035,41.602743295512184,0.21325922012329102,0.012342702615004777,275,"[80, 60, 40, 20]",0.003,42,"{'epochs': 275, 'hidden_layers': [80, 60, 40, 20], 'learning_rate': 0.003, 'mini_batch_size': 42}",0.021363111661542034,0.020911402038309213,0.02329364638900977,0.02185605336295367,0.0010331233154385559,133,0.023745835847875596,0.027758386359555742,0.025657277235096587,0.025720499814175974,0.001638726786883695,310
310,151.35600543022156,62.36982227187716,0.2425986131032308,0.0303291174499837,275,"[80, 60, 40, 20]",0.003,52,"{'epochs': 275, 'hidden_layers': [80, 60, 40, 20], 'learning_rate': 0.003, 'mini_batch_size': 52}",0.022838036684169616,0.016398624888162017,0.022485613664066317,0.020574091745465983,0.0029560044095149314,258,0.025554746748454593,0.02175059889205344,0.024809852962365708,0.02403839953429125,0.0016460539728101764,311
311,152.97410504023233,41.474164237118174,0.2272766431172689,0.02270068582685055,275,"[80, 60, 40, 20]",0.003,62,"{'epochs': 275, 'hidden_layers': [80, 60, 40, 20], 'learning_rate': 0.003, 'mini_batch_size': 62}",0.02244415751166462,0.01807525826774181,0.021811974413663116,0.020777130064356514,0.0019278653603327128,223,0.02493129845412856,0.023871232882118343,0.024308198911392465,0.02437024341587979,0.00043498804170777285,312
312,113.11102604866028,24.437482010771262,0.26993997891743976,0.03665193941137747,275,"[80, 60, 40, 20]",0.005,32,"{'epochs': 275, 'hidden_layers': [80, 60, 40, 20], 'learning_rate': 0.005, 'mini_batch_size': 32}",0.024403458183319127,0.01966663597879048,0.02432641587493356,0.02279883667901439,0.0022150236716843006,31,0.026902866649402335,0.02490155907424052,0.026374589827942163,0.026059671850528338,0.0008468325304623207,313
313,140.04484136899313,45.565325211863986,0.2558757464090983,0.012799911806625036,275,"[80, 60, 40, 20]",0.005,42,"{'epochs': 275, 'hidden_layers': [80, 60, 40, 20], 'learning_rate': 0.005, 'mini_batch_size': 42}",0.02334745094866486,0.020596786283943458,0.025026825899564065,0.022990354377390793,0.0018260980659872868,25,0.025454987816100894,0.02642964928417113,0.028149942911144477,0.026678193337138834,0.001114159279688666,314
314,108.71258234977722,39.97466162099068,0.21845571200052896,0.01696442918678491,275,"[80, 60, 40, 20]",0.005,52,"{'epochs': 275, 'hidden_layers': [80, 60, 40, 20], 'learning_rate': 0.005, 'mini_batch_size': 52}",0.022921126506067924,0.01806053615783232,0.023293810901205747,0.02142515785503533,0.0023840068216571535,157,0.025001572787687998,0.023450396303030696,0.026319773998740637,0.02492391436315311,0.0011727049112586828,315
315,95.64650662740071,28.50752312645564,0.235856294631958,0.0332772901479646,275,"[80, 60, 40, 20]",0.005,62,"{'epochs': 275, 'hidden_layers': [80, 60, 40, 20], 'learning_rate': 0.005, 'mini_batch_size': 62}",0.021627668829154234,0.017740266733924814,0.023402828635381012,0.020923588066153354,0.0023647338275271396,205,0.023807288371884727,0.023061770644221213,0.025462037398518045,0.02411036547154133,0.0010030659397393755,316
316,105.07184100151062,27.55071268561854,0.23400211334228516,0.014490844317036405,275,"[80, 60, 40, 20]",0.009,32,"{'epochs': 275, 'hidden_layers': [80, 60, 40, 20], 'learning_rate': 0.009, 'mini_batch_size': 32}",0.025639923687941102,0.020610067003452137,0.024000388822592922,0.02341679317132872,0.0020944852159509183,7,0.028217722303566117,0.02621028170138917,0.026142979449635173,0.026856994484863488,0.0009625720910547264,317
317,86.23811030387878,21.471682432454458,0.24782856305440268,0.03254636407354915,275,"[80, 60, 40, 20]",0.009,42,"{'epochs': 275, 'hidden_layers': [80, 60, 40, 20], 'learning_rate': 0.009, 'mini_batch_size': 42}",0.02465106869547795,0.019836379034170903,0.023168115954631197,0.022551854561426683,0.002013312810972671,43,0.027385181295979333,0.02560336558210874,0.025236372208518154,0.026074973028868742,0.0009384935842325731,318
318,91.97467541694641,19.723792741862134,0.2464157740275065,0.013026174737208475,275,"[80, 60, 40, 20]",0.009,52,"{'epochs': 275, 'hidden_layers': [80, 60, 40, 20], 'learning_rate': 0.009, 'mini_batch_size': 52}",0.024136351877969586,0.019359962085664373,0.024046905227287252,0.022514406396973736,0.0022308278524191534,49,0.026675689673395397,0.025106898840648095,0.026378864429071558,0.026053817647705018,0.000680449717361273,319
319,87.7830678621928,40.65327991282978,0.25289026896158856,0.02232369993508601,275,"[80, 60, 40, 20]",0.009,62,"{'epochs': 275, 'hidden_layers': [80, 60, 40, 20], 'learning_rate': 0.009, 'mini_batch_size': 62}",0.022876733515955205,0.0196591561244035,0.024210821695410112,0.022248903778589606,0.0019105047329457485,79,0.024283053865901794,0.024418287033399433,0.027189914052550113,0.025297084983950446,0.0013395704322903348,320
320,458.0911377271016,132.72640167957323,0.5870039463043213,0.042015609734082714,300,"[200, 100, 50]",0.001,32,"{'epochs': 300, 'hidden_layers': [200, 100, 50], 'learning_rate': 0.001, 'mini_batch_size': 32}",0.019967876710527688,0.018156064790562976,0.02322522059809662,0.020449720699729095,0.0020973340812739964,274,0.02458947669106948,0.02627263555449766,0.027134981624656218,0.025999031290074453,0.0010570535501608646,321
321,397.32467794418335,51.09464313245027,0.5711753368377686,0.03520921281559291,300,"[200, 100, 50]",0.001,42,"{'epochs': 300, 'hidden_layers': [200, 100, 50], 'learning_rate': 0.001, 'mini_batch_size': 42}",0.01950907911977573,0.017036820681024634,0.02217385136219685,0.019573250387665737,0.0020976748268091397,331,0.024237340710982713,0.025182709692513017,0.02509382505921187,0.0248379584875692,0.00042624828810842276,322
322,360.50324900945026,52.265532393300305,0.6373274326324463,0.019802312326762408,300,"[200, 100, 50]",0.001,52,"{'epochs': 300, 'hidden_layers': [200, 100, 50], 'learning_rate': 0.001, 'mini_batch_size': 52}",0.017776653971433465,0.015594326648668333,0.021280972299387524,0.018217317639829773,0.002342380988181931,379,0.02247692316873262,0.02390327538238024,0.02429350080737558,0.023557899786162812,0.000780790969103901,323
323,448.5825930436452,86.69601503344697,0.6374532381693522,0.015275355071484897,300,"[200, 100, 50]",0.001,62,"{'epochs': 300, 'hidden_layers': [200, 100, 50], 'learning_rate': 0.001, 'mini_batch_size': 62}",0.01730979847425218,0.017372104406252697,0.02174217505858389,0.018808025979696257,0.002074912627902434,373,0.021883236704057674,0.026089749833074327,0.02456320137566137,0.024178729304264457,0.0017386876768433798,324
324,295.3201319376628,99.6456602381847,0.6533493995666504,0.03214000671607716,300,"[200, 100, 50]",0.003,32,"{'epochs': 300, 'hidden_layers': [200, 100, 50], 'learning_rate': 0.003, 'mini_batch_size': 32}",0.020377393119317078,0.020364672665438954,0.023289260318354543,0.021343775367703526,0.0013756754031853862,175,0.023708923252368064,0.02936443847893566,0.02755268567879865,0.026875349136700793,0.0023580078757191487,325
325,295.55981794993085,99.54173735987845,0.5951709747314453,0.07053948065116251,300,"[200, 100, 50]",0.003,42,"{'epochs': 300, 'hidden_layers': [200, 100, 50], 'learning_rate': 0.003, 'mini_batch_size': 42}",0.019420606244626715,0.0198367521378342,0.02301420831875245,0.020757188900404455,0.0016049707873163513,235,0.02297172322961616,0.028933522186623484,0.026877036644005536,0.026260760686748392,0.00247259765463548,326
326,312.3810187180837,64.62175901997107,0.6104146639506022,0.05207324194042218,300,"[200, 100, 50]",0.003,52,"{'epochs': 300, 'hidden_layers': [200, 100, 50], 'learning_rate': 0.003, 'mini_batch_size': 52}",0.02093669467182724,0.019016748911934167,0.022999074247382234,0.020984172610381213,0.0016261241004968208,193,0.025379629551569693,0.028058945272296354,0.02703795478652582,0.02682550987013062,0.0011040932372192358,327
327,319.3123570283254,24.090967663622568,0.6138976414998373,0.0065535185092523455,300,"[200, 100, 50]",0.003,62,"{'epochs': 300, 'hidden_layers': [200, 100, 50], 'learning_rate': 0.003, 'mini_batch_size': 62}",0.021124484745866257,0.01877394099141394,0.022785009455958072,0.02089447839774609,0.0016455687460463402,217,0.026106011907855997,0.02747010925666782,0.02661241368335865,0.02672951161596082,0.0005630123377118463,328
328,264.1966625054677,36.66120840691267,0.5768759250640869,0.024654121718639347,300,"[200, 100, 50]",0.005,32,"{'epochs': 300, 'hidden_layers': [200, 100, 50], 'learning_rate': 0.005, 'mini_batch_size': 32}",0.023459705260265418,0.019463630091294815,0.023641981917015387,0.022188439089525207,0.0019281673946223254,97,0.028077303398274633,0.02763199845541109,0.026340228051571546,0.027349843301752424,0.0007366891420778157,329
329,174.5131983757019,30.32156586090905,0.7139592170715332,0.03771703723250775,300,"[200, 100, 50]",0.005,42,"{'epochs': 300, 'hidden_layers': [200, 100, 50], 'learning_rate': 0.005, 'mini_batch_size': 42}",0.021069025651965445,0.019476117902086254,0.02302208139066686,0.021189074981572853,0.001450120258631694,187,0.024113810869595298,0.026267234663776118,0.025702324927542763,0.025361123486971393,0.0009116367429416951,330
330,284.7489703496297,70.44116332353902,0.5861603418986002,0.03023728265781157,300,"[200, 100, 50]",0.005,52,"{'epochs': 300, 'hidden_layers': [200, 100, 50], 'learning_rate': 0.005, 'mini_batch_size': 52}",0.022297673204898505,0.018958432573822237,0.0234104767250104,0.021555527501243715,0.0018917821342360626,145,0.026561097622003205,0.02685461409421397,0.028114082072750235,0.027176597929655804,0.0006736445001036721,331
331,278.37100235621136,76.11609101606314,0.5923600991566976,0.02644803640901981,300,"[200, 100, 50]",0.005,62,"{'epochs': 300, 'hidden_layers': [200, 100, 50], 'learning_rate': 0.005, 'mini_batch_size': 62}",0.022413600454206595,0.01869418076237439,0.023096097816315497,0.021401293010965494,0.0019343893450174208,169,0.027305381800458495,0.026228243140779317,0.027830860173256755,0.027121495038164856,0.0006670612636566576,332
332,209.86151909828186,50.18475214276189,0.5807368755340576,0.011161025813029319,300,"[200, 100, 50]",0.009,32,"{'epochs': 300, 'hidden_layers': [200, 100, 50], 'learning_rate': 0.009, 'mini_batch_size': 32}",0.02281743915180845,0.019796172071504192,0.02455881816096661,0.022390809794759752,0.0019676058039471487,67,0.025727192380889052,0.029082169807178815,0.027679379678327454,0.02749624728879844,0.001375771659057666,333
333,172.46015119552612,26.095053451198535,0.5879410107930502,0.0340774205056009,300,"[200, 100, 50]",0.009,42,"{'epochs': 300, 'hidden_layers': [200, 100, 50], 'learning_rate': 0.009, 'mini_batch_size': 42}",0.02269922973181837,0.02036276231920786,0.024015623821062593,0.022359205290696276,0.001510532302060744,73,0.02536747158750363,0.02710611109773564,0.02707112967104741,0.026514904118762228,0.0008114829985469684,334
334,193.9606600602468,48.40565976108647,0.5723613897959391,0.00506352219892263,300,"[200, 100, 50]",0.009,52,"{'epochs': 300, 'hidden_layers': [200, 100, 50], 'learning_rate': 0.009, 'mini_batch_size': 52}",0.023347364034812634,0.02029248555246188,0.022950318983779416,0.022196722857017976,0.0013562204779422342,91,0.027775265720950126,0.026878981373905986,0.025783233472578826,0.026812493522478314,0.0008146015776351062,335
335,200.38761067390442,56.759693316070894,0.5604430039723715,0.0046488874481885,300,"[200, 100, 50]",0.009,62,"{'epochs': 300, 'hidden_layers': [200, 100, 50], 'learning_rate': 0.009, 'mini_batch_size': 62}",0.02275096145946487,0.020037830795900824,0.023916908306134466,0.022235233520500053,0.0016250727292179427,85,0.02692211258327848,0.02647628341697794,0.02851190305781759,0.027303433019358003,0.0008736859797325898,336
336,96.42778062820435,11.674893813929438,0.22683962186177573,0.012784252475490013,300,"[100, 50]",0.001,32,"{'epochs': 300, 'hidden_layers': [100, 50], 'learning_rate': 0.001, 'mini_batch_size': 32}",0.01916248485446237,0.018370410771519352,0.019791493832750806,0.019108129819577508,0.0005814264751985648,367,0.020971700319168507,0.020988076544939283,0.020150196714557755,0.02070332452622185,0.0003911775617456051,337
337,110.5279479821523,14.395921769285083,0.17098736763000488,0.007913685731726908,300,"[100, 50]",0.001,42,"{'epochs': 300, 'hidden_layers': [100, 50], 'learning_rate': 0.001, 'mini_batch_size': 42}",0.01820364525550644,0.019192525397765836,0.020632664949162827,0.0193429452008117,0.000997331023583748,355,0.02004723050954771,0.022081130313082675,0.02095108768104903,0.021026482834559806,0.0008320458419200145,338
338,123.2206477324168,9.947603331586668,0.17473689715067545,0.022684424669126936,300,"[100, 50]",0.001,52,"{'epochs': 300, 'hidden_layers': [100, 50], 'learning_rate': 0.001, 'mini_batch_size': 52}",0.019671522594644553,0.018415461243884823,0.019949992087913482,0.019345658642147618,0.0006675011682743933,349,0.021465264376611115,0.021332067499307827,0.020290162935814426,0.021029164937244455,0.0005253749902809289,339
339,135.97624762852988,23.318491281036096,0.1736760934193929,0.01125943745880665,300,"[100, 50]",0.001,62,"{'epochs': 300, 'hidden_layers': [100, 50], 'learning_rate': 0.001, 'mini_batch_size': 62}",0.019138320822227328,0.019402589225050892,0.019869746429579616,0.01947021882561928,0.0003024083077865038,343,0.020970755068229985,0.022480629953860354,0.02033032806686308,0.021260571029651138,0.00090145974949037,340
340,64.45981462796529,26.812603117673902,0.18006038665771484,0.005436080005813867,300,"[100, 50]",0.003,32,"{'epochs': 300, 'hidden_layers': [100, 50], 'learning_rate': 0.003, 'mini_batch_size': 32}",0.02118326765267453,0.019350219870083007,0.018178477019910266,0.019570654847555935,0.0012365638873257042,337,0.023050506793222958,0.02202875224952694,0.0180531617494486,0.021044140264066164,0.0021556839507170795,341
341,59.3223389784495,3.7111066430422803,0.16753776868184408,0.007498843940194388,300,"[100, 50]",0.003,42,"{'epochs': 300, 'hidden_layers': [100, 50], 'learning_rate': 0.003, 'mini_batch_size': 42}",0.020415346357403497,0.018939121354549893,0.0209627168049783,0.02010572817231056,0.0008546469844927466,313,0.02199148463751388,0.02139354174721686,0.021238216682228583,0.021541081022319775,0.0003247347957830033,342
342,65.93493016560872,14.38439034221308,0.18220225969950357,0.012341364968841783,300,"[100, 50]",0.003,52,"{'epochs': 300, 'hidden_layers': [100, 50], 'learning_rate': 0.003, 'mini_batch_size': 52}",0.020539089527427,0.01822418494419764,0.02106074562487603,0.019941340032166893,0.0012327469240427929,325,0.022193083041358586,0.020694035095794705,0.021260204028987095,0.021382440722046796,0.00061805746368357,343
343,53.700585762659706,4.907109545012412,0.17542330423990884,0.005678049291184501,300,"[100, 50]",0.003,62,"{'epochs': 300, 'hidden_layers': [100, 50], 'learning_rate': 0.003, 'mini_batch_size': 62}",0.019444207549814796,0.01791443457537345,0.020603175483992264,0.019320605869726837,0.0011011478707574523,361,0.021144499451200227,0.02039062872784836,0.020828217603845567,0.020787781927631383,0.0003090917337565456,344
344,49.01723599433899,10.862075939195366,0.17810694376627603,0.014266837398748768,300,"[100, 50]",0.005,32,"{'epochs': 300, 'hidden_layers': [100, 50], 'learning_rate': 0.005, 'mini_batch_size': 32}",0.020788938637343324,0.020017208913799656,0.019747536967241963,0.020184561506128313,0.0004413120794795277,300,0.021970804305598945,0.02284586210286277,0.019660984247469537,0.02149255021864375,0.0013434798019100888,345
345,57.297136306762695,23.576445606673627,0.1526646614074707,0.011573301009235237,300,"[100, 50]",0.005,42,"{'epochs': 300, 'hidden_layers': [100, 50], 'learning_rate': 0.005, 'mini_batch_size': 42}",0.021531153606061282,0.01978728619721304,0.01907754162043751,0.020131993807903942,0.0010309123618265944,307,0.0234400414673972,0.02240267568371579,0.019150926447494054,0.02166454786620235,0.0018271565194275788,346
346,65.56445233027141,16.874492033955736,0.16592097282409668,0.016130238161607316,300,"[100, 50]",0.005,52,"{'epochs': 300, 'hidden_layers': [100, 50], 'learning_rate': 0.005, 'mini_batch_size': 52}",0.021354779433193305,0.018369465828518727,0.021639351314896693,0.020454532192202907,0.001478934660420451,268,0.023261980992783204,0.02150039473447829,0.021765776013870974,0.02217605058037749,0.0007754742425568838,347
347,48.57857370376587,5.2035228422519335,0.17577370007832846,0.01491124862309973,300,"[100, 50]",0.005,62,"{'epochs': 300, 'hidden_layers': [100, 50], 'learning_rate': 0.005, 'mini_batch_size': 62}",0.020671774457638903,0.019189061501044935,0.020366980344713626,0.020075938767799156,0.0006393425412262991,319,0.02219649148992664,0.021818438307031895,0.020413070036619185,0.021475999944525908,0.0007672878834423472,348
348,78.66479206085205,15.6258876337927,0.17359328269958496,0.011419525964721147,300,"[100, 50]",0.009,32,"{'epochs': 300, 'hidden_layers': [100, 50], 'learning_rate': 0.009, 'mini_batch_size': 32}",0.023290508633965867,0.021434343441529613,0.022726815980257387,0.022483889351917623,0.0007770016368367031,55,0.025843382518169977,0.026326020807042383,0.02328513196635451,0.025151511763855623,0.00133435754600273,349
349,43.7205331325531,10.031290120044266,0.16881958643595377,0.006726613564659994,300,"[100, 50]",0.009,42,"{'epochs': 300, 'hidden_layers': [100, 50], 'learning_rate': 0.009, 'mini_batch_size': 42}",0.02109516424202651,0.02033831378853812,0.02061770494084103,0.02068372765713522,0.000312489894808928,241,0.022312101707319565,0.023350095334401355,0.020427912971874185,0.022030036671198367,0.0012095337816469501,350
350,46.88573296864828,2.096671581217399,0.1788043181101481,0.0147800319387824,300,"[100, 50]",0.009,52,"{'epochs': 300, 'hidden_layers': [100, 50], 'learning_rate': 0.009, 'mini_batch_size': 52}",0.02098177608358265,0.01992631641374809,0.02179599565459578,0.02090136271730884,0.0007654083215386026,211,0.022191766013166858,0.022780267971568735,0.02198027031387262,0.022317434766202737,0.0003384706188105675,351
351,54.697998682657875,5.291678695670811,0.17151967684427896,0.019926008015687613,300,"[100, 50]",0.009,62,"{'epochs': 300, 'hidden_layers': [100, 50], 'learning_rate': 0.009, 'mini_batch_size': 62}",0.021772782889851072,0.020147028276882084,0.021813936832585257,0.02124458266643947,0.000776269987516439,181,0.02327008202347336,0.023104429930406956,0.022042915019931053,0.022805808991270455,0.0005436699750239567,352
352,199.62719400723776,91.73922391634358,0.2170423666636149,0.034498681839250166,300,"[100, 50, 20]",0.001,32,"{'epochs': 300, 'hidden_layers': [100, 50, 20], 'learning_rate': 0.001, 'mini_batch_size': 32}",0.020374874174590163,0.01813986771147791,0.0234601463907661,0.020658296092278056,0.002181220956848334,247,0.021636541455924196,0.022559904335874736,0.024118913587604762,0.02277178645980123,0.0010244391557874585,353
353,203.76412979761758,61.219687411847275,0.21676230430603027,0.0121599307528106,300,"[100, 50, 20]",0.001,42,"{'epochs': 300, 'hidden_layers': [100, 50, 20], 'learning_rate': 0.001, 'mini_batch_size': 42}",0.021192287241036722,0.01689052771533872,0.022786578474306873,0.02028979781022744,0.0024902100336616963,287,0.022543699456863298,0.021346451026870383,0.023310067271222867,0.022400072584985515,0.0008080506162014382,354
354,246.60105498631796,20.587224682870207,0.21993470191955566,0.005674168502617031,300,"[100, 50, 20]",0.001,52,"{'epochs': 300, 'hidden_layers': [100, 50, 20], 'learning_rate': 0.001, 'mini_batch_size': 52}",0.02174017273743356,0.018579179123564993,0.022004630140655568,0.02077466066721804,0.001556189541994721,229,0.023200674767873686,0.023292702761410156,0.022549717871055863,0.023014365133446568,0.0003306963327424619,355
355,274.7455186843872,26.0533414773186,0.20517166455586752,0.02772691038023719,300,"[100, 50, 20]",0.001,62,"{'epochs': 300, 'hidden_layers': [100, 50, 20], 'learning_rate': 0.001, 'mini_batch_size': 62}",0.021492434416938377,0.01907854767941697,0.021384616346468488,0.020651866147607945,0.0011133745808256574,253,0.023133923231294706,0.023826272735036236,0.021859141090406875,0.022939779018912605,0.0008147272378846199,356
356,119.15855065981548,18.008368696627226,0.1897594928741455,0.01730058630435655,300,"[100, 50, 20]",0.003,32,"{'epochs': 300, 'hidden_layers': [100, 50, 20], 'learning_rate': 0.003, 'mini_batch_size': 32}",0.022339734063694938,0.0206649938798108,0.023461725727267124,0.022155484556924288,0.0011491701838582007,103,0.02342599485080532,0.025338377973589843,0.02401963894699488,0.024261337257130016,0.0007992145548054892,357
357,129.509725411733,16.77769726663507,0.21334330240885416,0.028307310308352755,300,"[100, 50, 20]",0.003,42,"{'epochs': 300, 'hidden_layers': [100, 50, 20], 'learning_rate': 0.003, 'mini_batch_size': 42}",0.022907065035374652,0.019972239740810194,0.022773029577659365,0.021884111451281402,0.001353004423238968,121,0.024724262303604028,0.02476227776903628,0.023195640449213073,0.02422739350728446,0.0007297246391768844,358
358,130.90938258171082,51.67646496569972,0.21528983116149902,0.014693314621130597,300,"[100, 50, 20]",0.003,52,"{'epochs': 300, 'hidden_layers': [100, 50, 20], 'learning_rate': 0.003, 'mini_batch_size': 52}",0.0209627624225176,0.019304751669961928,0.02394384269362637,0.021403785595368634,0.001919403980528799,163,0.022150908557084015,0.023962218437243776,0.02491623599177939,0.023676454328702395,0.0011468812201117615,359
359,146.52695337931314,38.08452733832875,0.19868222872416177,0.004377639390406713,300,"[100, 50, 20]",0.003,62,"{'epochs': 300, 'hidden_layers': [100, 50, 20], 'learning_rate': 0.003, 'mini_batch_size': 62}",0.022301871038787113,0.01896226945986268,0.023558588801327218,0.02160757643332567,0.0019395998937168971,139,0.02392820868568335,0.0238148451886383,0.02435835371946249,0.02403380253126138,0.00023411240311388106,360
360,147.97246503829956,49.28065953317381,0.2187922795613607,0.01995976992801551,300,"[100, 50, 20]",0.005,32,"{'epochs': 300, 'hidden_layers': [100, 50, 20], 'learning_rate': 0.005, 'mini_batch_size': 32}",0.022363276501552454,0.021453238478878034,0.02615251093522708,0.023323008638552523,0.002034961872835826,13,0.02356245976924054,0.02659165724024748,0.02807971936848863,0.02607794545932555,0.001879598080644413,361
361,144.5843541622162,21.180728263303386,0.19734501838684082,0.007117164347684564,300,"[100, 50, 20]",0.005,42,"{'epochs': 300, 'hidden_layers': [100, 50, 20], 'learning_rate': 0.005, 'mini_batch_size': 42}",0.023580185046351954,0.021004000807358758,0.023535517889988977,0.022706567914566562,0.0012040348429686613,37,0.02524385562365672,0.025890660421382883,0.024697504158427863,0.02527734006782249,0.00048767911099958266,362
362,94.48446075121562,14.58026959294105,0.19225653012593588,0.022105430948050796,300,"[100, 50, 20]",0.005,52,"{'epochs': 300, 'hidden_layers': [100, 50, 20], 'learning_rate': 0.005, 'mini_batch_size': 52}",0.022333555911583813,0.020694591128321393,0.023125389438856114,0.022051178826253775,0.0010122574509034185,115,0.023489180769652784,0.025638948379191673,0.023733233618922545,0.024287120922589,0.0009610648790544127,363
363,102.80738504727681,24.426621886069025,0.19582931200663248,0.03050529215929147,300,"[100, 50, 20]",0.005,62,"{'epochs': 300, 'hidden_layers': [100, 50, 20], 'learning_rate': 0.005, 'mini_batch_size': 62}",0.021833578431540768,0.02023260835694285,0.02358156552832169,0.02188258410560177,0.0013676451052813548,127,0.0229894976022319,0.02512108053437001,0.024633037236245325,0.024247871790949078,0.0009118390809542793,364
364,118.2807191212972,14.765561713657533,0.19435493151346842,0.012156485015438144,300,"[100, 50, 20]",0.009,32,"{'epochs': 300, 'hidden_layers': [100, 50, 20], 'learning_rate': 0.009, 'mini_batch_size': 32}",0.02330846337098491,0.021943415890269158,0.02437375770749539,0.02320854565624982,0.0009946952630254958,19,0.025276754375765265,0.027111142863205595,0.025781253946450033,0.02605638372847363,0.0007737431005317248,365
365,143.65191181500754,32.274275708431894,0.22362462679545084,0.005950665660269085,300,"[100, 50, 20]",0.009,42,"{'epochs': 300, 'hidden_layers': [100, 50, 20], 'learning_rate': 0.009, 'mini_batch_size': 42}",0.023599449903044856,0.021629094425152928,0.025700786436343104,0.02364311025484696,0.001662547969881789,1,0.025764569739426868,0.026242431109884223,0.02751491798101391,0.026507306276775,0.0007387145963240355,366
366,96.29393736521403,14.405255387938656,0.2029416561126709,0.01584727485622546,300,"[100, 50, 20]",0.009,52,"{'epochs': 300, 'hidden_layers': [100, 50, 20], 'learning_rate': 0.009, 'mini_batch_size': 52}",0.02243485943539869,0.021675329659538445,0.023089590980235997,0.022399926691724376,0.0005778979109616492,61,0.02386831901520514,0.026556512068211413,0.02370638251549495,0.024710404532970503,0.001307068126569168,367
367,94.03138399124146,14.573326504950959,0.21793286005655924,0.017361797256290373,300,"[100, 50, 20]",0.009,62,"{'epochs': 300, 'hidden_layers': [100, 50, 20], 'learning_rate': 0.009, 'mini_batch_size': 62}",0.02215423927696103,0.021554171729617377,0.022729265510090357,0.02214589217222292,0.0004797663346843626,109,0.023425590266867524,0.025963213880225045,0.02367430868195164,0.024354370943014736,0.0011421461990361562,368
368,270.1529375712077,20.45182167115253,0.2244434356689453,0.033225398672386164,300,"[80, 60, 40, 20]",0.001,32,"{'epochs': 300, 'hidden_layers': [80, 60, 40, 20], 'learning_rate': 0.001, 'mini_batch_size': 32}",0.02166264534029272,0.01905487266810546,0.022084306055509484,0.020933941354635888,0.0013398068980798857,199,0.023837250055028236,0.025198349450432533,0.024473900217965694,0.024503166574475488,0.0005560517246683708,369
369,278.88867529233295,52.67308475630121,0.2185328801472982,0.032996867915512554,300,"[80, 60, 40, 20]",0.001,42,"{'epochs': 300, 'hidden_layers': [80, 60, 40, 20], 'learning_rate': 0.001, 'mini_batch_size': 42}",0.020829373746781954,0.01846260349680673,0.021779217981292565,0.020357065074960417,0.0013945822602207637,281,0.02297815577136486,0.024272005048867618,0.024241357013894405,0.023830505944708962,0.0006028324471535563,370
370,295.2549597422282,20.418017233537594,0.20668689409891763,0.02846506258564637,300,"[80, 60, 40, 20]",0.001,52,"{'epochs': 300, 'hidden_layers': [80, 60, 40, 20], 'learning_rate': 0.001, 'mini_batch_size': 52}",0.021090367859801895,0.018486953694511254,0.021191942582782675,0.02025642137903194,0.001251889577401406,294,0.02328414858808947,0.024425994690775332,0.023402993536681516,0.02370437893851544,0.0005125608912663741,371
371,326.80297533671063,74.94707219646754,0.23025902112325033,0.0324206642116266,300,"[80, 60, 40, 20]",0.001,62,"{'epochs': 300, 'hidden_layers': [80, 60, 40, 20], 'learning_rate': 0.001, 'mini_batch_size': 62}",0.020687722211167436,0.018412605077303246,0.02232856235768199,0.02047629654871756,0.0016056579053448472,265,0.02269589079918366,0.02422626926581506,0.024588428077344737,0.023836862714114487,0.0008202245360013047,372
372,143.1765716870626,63.236222200013586,0.22606555620829263,0.042008263341759174,300,"[80, 60, 40, 20]",0.003,32,"{'epochs': 300, 'hidden_layers': [80, 60, 40, 20], 'learning_rate': 0.003, 'mini_batch_size': 32}",0.022893998973206653,0.018416950034651047,0.023274025946569687,0.021528324984809128,0.00220553783092685,151,0.0248322057627427,0.023577992943066173,0.026550201684294228,0.024986800130034365,0.0012183132504017863,373
373,168.42555030186972,39.00166592518347,0.25908629099527997,0.031599110063911105,300,"[80, 60, 40, 20]",0.003,42,"{'epochs': 300, 'hidden_layers': [80, 60, 40, 20], 'learning_rate': 0.003, 'mini_batch_size': 42}",0.021363111661542034,0.020911402038309213,0.02329364638900977,0.02185605336295367,0.0010331233154385559,133,0.023745835847875596,0.027758386359555742,0.025657277235096587,0.025720499814175974,0.001638726786883695,374
374,153.2230695883433,63.74003722115911,0.23383132616678873,0.016695815581664098,300,"[80, 60, 40, 20]",0.003,52,"{'epochs': 300, 'hidden_layers': [80, 60, 40, 20], 'learning_rate': 0.003, 'mini_batch_size': 52}",0.022838036684169616,0.016398624888162017,0.022485613664066317,0.020574091745465983,0.0029560044095149314,258,0.025554746748454593,0.02175059889205344,0.024809852962365708,0.02403839953429125,0.0016460539728101764,375
375,150.31557766596475,43.22734078110744,0.25496625900268555,0.01518946058474142,300,"[80, 60, 40, 20]",0.003,62,"{'epochs': 300, 'hidden_layers': [80, 60, 40, 20], 'learning_rate': 0.003, 'mini_batch_size': 62}",0.02244415751166462,0.01807525826774181,0.021811974413663116,0.020777130064356514,0.0019278653603327128,223,0.02493129845412856,0.023871232882118343,0.024308198911392465,0.02437024341587979,0.00043498804170777285,376
376,113.73051571846008,29.130458105764575,0.19887963930765787,0.0038067838541885005,300,"[80, 60, 40, 20]",0.005,32,"{'epochs': 300, 'hidden_layers': [80, 60, 40, 20], 'learning_rate': 0.005, 'mini_batch_size': 32}",0.024403458183319127,0.01966663597879048,0.02432641587493356,0.02279883667901439,0.0022150236716843006,31,0.026902866649402335,0.02490155907424052,0.026374589827942163,0.026059671850528338,0.0008468325304623207,377
377,140.55926624933878,46.408034611389205,0.21183673540751138,0.02494742229663167,300,"[80, 60, 40, 20]",0.005,42,"{'epochs': 300, 'hidden_layers': [80, 60, 40, 20], 'learning_rate': 0.005, 'mini_batch_size': 42}",0.02334745094866486,0.020596786283943458,0.025026825899564065,0.022990354377390793,0.0018260980659872868,25,0.025454987816100894,0.02642964928417113,0.028149942911144477,0.026678193337138834,0.001114159279688666,378
378,107.67904146512349,40.78621963702678,0.22342761357625326,0.014767238412644627,300,"[80, 60, 40, 20]",0.005,52,"{'epochs': 300, 'hidden_layers': [80, 60, 40, 20], 'learning_rate': 0.005, 'mini_batch_size': 52}",0.022921126506067924,0.01806053615783232,0.023293810901205747,0.02142515785503533,0.0023840068216571535,157,0.025001572787687998,0.023450396303030696,0.026319773998740637,0.02492391436315311,0.0011727049112586828,379
379,95.16434502601624,30.083641533874978,0.21686395009358725,0.021292016923496044,300,"[80, 60, 40, 20]",0.005,62,"{'epochs': 300, 'hidden_layers': [80, 60, 40, 20], 'learning_rate': 0.005, 'mini_batch_size': 62}",0.021627668829154234,0.017740266733924814,0.023402828635381012,0.020923588066153354,0.0023647338275271396,205,0.023807288371884727,0.023061770644221213,0.025462037398518045,0.02411036547154133,0.0010030659397393755,380
380,98.50234182675679,22.917605941397575,0.2099461555480957,0.024867446216860965,300,"[80, 60, 40, 20]",0.009,32,"{'epochs': 300, 'hidden_layers': [80, 60, 40, 20], 'learning_rate': 0.009, 'mini_batch_size': 32}",0.025639923687941102,0.020610067003452137,0.024000388822592922,0.02341679317132872,0.0020944852159509183,7,0.028217722303566117,0.02621028170138917,0.026142979449635173,0.026856994484863488,0.0009625720910547264,381
381,90.49849836031596,26.95729943486052,0.2394855817159017,0.010900630781038208,300,"[80, 60, 40, 20]",0.009,42,"{'epochs': 300, 'hidden_layers': [80, 60, 40, 20], 'learning_rate': 0.009, 'mini_batch_size': 42}",0.02465106869547795,0.019836379034170903,0.023168115954631197,0.022551854561426683,0.002013312810972671,43,0.027385181295979333,0.02560336558210874,0.025236372208518154,0.026074973028868742,0.0009384935842325731,382
382,87.57732033729553,17.90866683226871,0.21447459856669107,0.03300932715416959,300,"[80, 60, 40, 20]",0.009,52,"{'epochs': 300, 'hidden_layers': [80, 60, 40, 20], 'learning_rate': 0.009, 'mini_batch_size': 52}",0.024136351877969586,0.019359962085664373,0.024046905227287252,0.022514406396973736,0.0022308278524191534,49,0.026675689673395397,0.025106898840648095,0.026378864429071558,0.026053817647705018,0.000680449717361273,383
383,71.24170366923015,19.605133699969,0.20677836736043295,0.050541036338777275,300,"[80, 60, 40, 20]",0.009,62,"{'epochs': 300, 'hidden_layers': [80, 60, 40, 20], 'learning_rate': 0.009, 'mini_batch_size': 62}",0.022876733515955205,0.0196591561244035,0.024210821695410112,0.022248903778589606,0.0019105047329457485,79,0.024283053865901794,0.024418287033399433,0.027189914052550113,0.025297084983950446,0.0013395704322903348,384
